row_id,serial_no,status,temp,vibration_x,vibration_y,vibration_z
0,ESP32-HARDWARE-01,IDLE,24.02,0.021,0.005,0.019
1,ESP32-HARDWARE-01,IDLE,24.04,0.012,0.015,-0.014
2,ESP32-HARDWARE-01,IDLE,24.05,-0.017,0.014,0.012
3,ESP32-HARDWARE-01,IDLE,24.08,0.014,0.003,-0.011
4,ESP32-HARDWARE-01,IDLE,24.11,-0.022,0.008,0.014
5,ESP32-HARDWARE-01,IDLE,24.12,0.008,-0.004,0.005
6,ESP32-HARDWARE-01,IDLE,24.15,-0.009,-0.002,-0.016
7,ESP32-HARDWARE-01,IDLE,24.19,-0.021,0.019,-0.012
8,ESP32-HARDWARE-01,IDLE,24.22,-0.003,0.007,0.004
9,ESP32-HARDWARE-01,IDLE,24.25,-0.012,-0.014,0.006
10,ESP32-HARDWARE-01,IDLE,24.27,-0.018,0.011,0.014
11,ESP32-HARDWARE-01,IDLE,24.29,-0.004,-0.014,0.019
12,ESP32-HARDWARE-01,IDLE,24.32,0.001,0.017,0.012
13,ESP32-HARDWARE-01,IDLE,24.34,-0.005,0.012,0.005
14,ESP32-HARDWARE-01,IDLE,24.38,0.006,-0.015,0.013
15,ESP32-HARDWARE-01,IDLE,24.41,0.004,0.006,0.001
16,ESP32-HARDWARE-01,IDLE,24.43,-0.017,0.013,0.007
17,ESP32-HARDWARE-01,IDLE,24.45,0.018,0.008,0.014
18,ESP32-HARDWARE-01,IDLE,24.49,-0.004,0.005,0.012
19,ESP32-HARDWARE-01,IDLE,24.52,0.014,0.007,-0.009
20,ESP32-HARDWARE-01,RUNNING,24.56,0.412,0.387,0.254
21,ESP32-HARDWARE-01,RUNNING,24.59,0.485,0.421,0.298
22,ESP32-HARDWARE-01,RUNNING,24.63,0.512,0.444,0.312
23,ESP32-HARDWARE-01,RUNNING,24.68,0.589,0.478,0.341
24,ESP32-HARDWARE-01,RUNNING,24.72,0.612,0.501,0.355
25,ESP32-HARDWARE-01,RUNNING,24.75,0.645,0.522,0.378
26,ESP32-HARDWARE-01,RUNNING,24.81,0.687,0.541,0.389
27,ESP32-HARDWARE-01,RUNNING,24.84,0.702,0.563,0.401
28,ESP32-HARDWARE-01,RUNNING,24.89,0.725,0.587,0.412
29,ESP32-HARDWARE-01,RUNNING,24.93,0.748,0.612,0.428
30,ESP32-HARDWARE-01,RUNNING,24.98,0.761,0.634,0.435
31,ESP32-HARDWARE-01,RUNNING,25.04,0.755,0.648,0.442
32,ESP32-HARDWARE-01,RUNNING,25.09,0.732,0.621,0.421
33,ESP32-HARDWARE-01,RUNNING,25.14,0.701,0.589,0.405
34,ESP32-HARDWARE-01,RUNNING,25.18,0.654,0.542,0.382
35,ESP32-HARDWARE-01,RUNNING,25.23,0.612,0.498,0.354
36,ESP32-HARDWARE-01,RUNNING,25.27,0.541,0.421,0.312
37,ESP32-HARDWARE-01,RUNNING,25.32,0.487,0.354,0.287
38,ESP32-HARDWARE-01,RUNNING,25.36,0.412,0.287,0.241
39,ESP32-HARDWARE-01,RUNNING,25.41,0.354,0.212,0.201
40,ESP32-HARDWARE-01,RUNNING,25.45,0.287,0.154,0.187
41,ESP32-HARDWARE-01,RUNNING,25.49,0.241,0.112,0.154
42,ESP32-HARDWARE-01,RUNNING,25.54,0.265,0.145,0.178
43,ESP32-HARDWARE-01,RUNNING,25.58,0.312,0.201,0.212
44,ESP32-HARDWARE-01,RUNNING,25.63,0.387,0.287,0.245
45,ESP32-HARDWARE-01,RUNNING,25.68,0.454,0.354,0.287
46,ESP32-HARDWARE-01,RUNNING,25.72,0.521,0.421,0.312
47,ESP32-HARDWARE-01,RUNNING,25.77,0.589,0.487,0.345
48,ESP32-HARDWARE-01,RUNNING,25.82,0.645,0.541,0.378
49,ESP32-HARDWARE-01,RUNNING,25.86,0.701,0.598,0.401
50,ESP32-HARDWARE-01,RUNNING,25.91,0.742,0.634,0.425
51,ESP32-HARDWARE-01,RUNNING,25.95,0.778,0.665,0.448
52,ESP32-HARDWARE-01,RUNNING,26.01,0.795,0.687,0.462
53,ESP32-HARDWARE-01,RUNNING,26.04,0.812,0.698,0.471
54,ESP32-HARDWARE-01,RUNNING,26.09,0.801,0.687,0.465
55,ESP32-HARDWARE-01,RUNNING,26.13,0.765,0.654,0.441
56,ESP32-HARDWARE-01,RUNNING,26.18,0.721,0.612,0.412
57,ESP32-HARDWARE-01,RUNNING,26.22,0.654,0.541,0.387
58,ESP32-HARDWARE-01,RUNNING,26.27,0.587,0.487,0.345
59,ESP32-HARDWARE-01,RUNNING,26.31,0.512,0.412,0.312
60,ESP32-HARDWARE-01,RUNNING,26.35,0.441,0.341,0.287
61,ESP32-HARDWARE-01,RUNNING,26.41,0.387,0.287,0.241
62,ESP32-HARDWARE-01,RUNNING,26.45,0.312,0.212,0.212
63,ESP32-HARDWARE-01,RUNNING,26.49,0.287,0.187,0.187
64,ESP32-HARDWARE-01,RUNNING,26.54,0.312,0.212,0.212
65,ESP32-HARDWARE-01,RUNNING,26.58,0.387,0.287,0.245
66,ESP32-HARDWARE-01,RUNNING,26.63,0.454,0.354,0.287
67,ESP32-HARDWARE-01,RUNNING,26.67,0.521,0.421,0.312
68,ESP32-HARDWARE-01,RUNNING,26.72,0.589,0.487,0.345
69,ESP32-HARDWARE-01,RUNNING,26.76,0.645,0.541,0.378
70,ESP32-HARDWARE-01,RUNNING,26.81,0.701,0.598,0.401
71,ESP32-HARDWARE-01,RUNNING,26.85,0.742,0.634,0.425
72,ESP32-HARDWARE-01,RUNNING,26.89,0.778,0.665,0.448
73,ESP32-HARDWARE-01,RUNNING,26.94,0.795,0.687,0.462
74,ESP32-HARDWARE-01,RUNNING,26.98,0.812,0.698,0.471
75,ESP32-HARDWARE-01,RUNNING,27.03,0.801,0.687,0.465
76,ESP32-HARDWARE-01,RUNNING,27.07,0.765,0.654,0.441
77,ESP32-HARDWARE-01,RUNNING,27.12,0.721,0.612,0.412
78,ESP32-HARDWARE-01,RUNNING,27.16,0.654,0.541,0.387
79,ESP32-HARDWARE-01,RUNNING,27.21,0.587,0.487,0.345
80,ESP32-HARDWARE-01,RUNNING,27.25,0.512,0.412,0.312
81,ESP32-HARDWARE-01,RUNNING,27.29,0.441,0.341,0.287
82,ESP32-HARDWARE-01,RUNNING,27.34,0.387,0.287,0.241
83,ESP32-HARDWARE-01,RUNNING,27.38,0.312,0.212,0.212
84,ESP32-HARDWARE-01,RUNNING,27.42,0.287,0.187,0.187
85,ESP32-HARDWARE-01,RUNNING,27.46,0.312,0.212,0.212
86,ESP32-HARDWARE-01,RUNNING,27.51,0.387,0.287,0.245
87,ESP32-HARDWARE-01,RUNNING,27.55,0.454,0.354,0.287
88,ESP32-HARDWARE-01,RUNNING,27.59,0.521,0.421,0.312
89,ESP32-HARDWARE-01,RUNNING,27.64,0.589,0.487,0.345
90,ESP32-HARDWARE-01,RUNNING,27.68,0.645,0.541,0.378
91,ESP32-HARDWARE-01,RUNNING,27.72,0.701,0.598,0.401
92,ESP32-HARDWARE-01,RUNNING,27.76,0.742,0.634,0.425
93,ESP32-HARDWARE-01,RUNNING,27.81,0.778,0.665,0.448
94,ESP32-HARDWARE-01,RUNNING,27.85,0.795,0.687,0.462
95,ESP32-HARDWARE-01,RUNNING,27.89,0.812,0.698,0.471
96,ESP32-HARDWARE-01,RUNNING,27.94,0.801,0.687,0.465
97,ESP32-HARDWARE-01,RUNNING,27.98,0.765,0.654,0.441
98,ESP32-HARDWARE-01,RUNNING,28.02,0.721,0.612,0.412
99,ESP32-HARDWARE-01,RUNNING,28.07,0.654,0.541,0.387
100,ESP32-HARDWARE-01,FAULT,138.4,10.555,16.219,15.044
101,ESP32-HARDWARE-01,FAULT,141.3,12.282,12.435,14.449
102,ESP32-HARDWARE-01,FAULT,143.07,11.621,-13.818,-15.222
103,ESP32-HARDWARE-01,RUNNING,85.95,1.621,1.49,1.556
104,ESP32-HARDWARE-01,RUNNING,86.19,1.696,1.398,1.55
105,ESP32-HARDWARE-01,RUNNING,86.5,1.265,1.378,1.482
106,ESP32-HARDWARE-01,RUNNING,28.37,0.312,0.212,0.212
107,ESP32-HARDWARE-01,RUNNING,28.41,0.387,0.287,0.245
108,ESP32-HARDWARE-01,RUNNING,28.45,0.454,0.354,0.287
109,ESP32-HARDWARE-01,RUNNING,28.49,0.521,0.421,0.312
110,ESP32-HARDWARE-01,RUNNING,28.54,0.589,0.487,0.345
111,ESP32-HARDWARE-01,RUNNING,28.58,0.645,0.541,0.378
112,ESP32-HARDWARE-01,RUNNING,28.62,0.701,0.598,0.401
113,ESP32-HARDWARE-01,RUNNING,28.67,0.742,0.634,0.425
114,ESP32-HARDWARE-01,RUNNING,28.71,0.778,0.665,0.448
115,ESP32-HARDWARE-01,RUNNING,28.75,0.795,0.687,0.462
116,ESP32-HARDWARE-01,RUNNING,28.79,0.812,0.698,0.471
117,ESP32-HARDWARE-01,RUNNING,28.84,0.801,0.687,0.465
118,ESP32-HARDWARE-01,RUNNING,28.88,0.765,0.654,0.441
119,ESP32-HARDWARE-01,RUNNING,28.92,0.721,0.612,0.412
120,ESP32-HARDWARE-01,RUNNING,27.68,-0.552,0.198,-0.098
121,ESP32-HARDWARE-01,RUNNING,27.73,-0.414,-0.015,-0.144
122,ESP32-HARDWARE-01,RUNNING,27.75,-0.354,-0.053,-0.096
123,ESP32-HARDWARE-01,RUNNING,27.8,-0.31,-0.234,-0.117
124,ESP32-HARDWARE-01,RUNNING,27.81,-0.095,-0.263,-0.216
125,ESP32-HARDWARE-01,RUNNING,27.85,-0.128,-0.348,-0.222
126,ESP32-HARDWARE-01,RUNNING,27.86,0.071,-0.525,-0.278
127,ESP32-HARDWARE-01,RUNNING,27.91,0.059,-0.508,-0.313
128,ESP32-HARDWARE-01,RUNNING,27.95,0.168,-0.547,-0.326
129,ESP32-HARDWARE-01,RUNNING,27.97,0.245,-0.507,-0.306
130,ESP32-HARDWARE-01,RUNNING,28.0,0.513,-0.478,-0.354
131,ESP32-HARDWARE-01,RUNNING,28.02,0.512,-0.489,-0.398
132,ESP32-HARDWARE-01,RUNNING,28.05,0.631,-0.325,-0.381
133,ESP32-HARDWARE-01,RUNNING,28.08,0.539,-0.291,-0.333
134,ESP32-HARDWARE-01,RUNNING,28.1,0.572,-0.134,-0.429
135,ESP32-HARDWARE-01,RUNNING,28.13,0.745,0.009,-0.359
136,ESP32-HARDWARE-01,RUNNING,28.14,0.734,0.039,-0.358
137,ESP32-HARDWARE-01,RUNNING,28.16,0.692,0.182,-0.445
138,ESP32-HARDWARE-01,RUNNING,28.17,0.622,0.334,-0.422
139,ESP32-HARDWARE-01,RUNNING,28.21,0.568,0.434,-0.399
140,ESP32-HARDWARE-01,RUNNING,28.24,0.611,0.484,-0.399
141,ESP32-HARDWARE-01,RUNNING,28.28,0.62,0.525,-0.373
142,ESP32-HARDWARE-01,RUNNING,28.33,0.361,0.479,-0.404
143,ESP32-HARDWARE-01,RUNNING,28.37,0.425,0.534,-0.334
144,ESP32-HARDWARE-01,RUNNING,28.41,0.179,0.409,-0.357
145,ESP32-HARDWARE-01,RUNNING,28.42,0.173,0.527,-0.329
146,ESP32-HARDWARE-01,RUNNING,28.44,0.026,0.304,-0.263
147,ESP32-HARDWARE-01,RUNNING,28.46,0.015,0.365,-0.276
148,ESP32-HARDWARE-01,RUNNING,28.49,-0.171,0.209,-0.284
149,ESP32-HARDWARE-01,RUNNING,28.51,-0.203,0.144,-0.229
150,ESP32-HARDWARE-01,RUNNING,28.54,-0.291,-0.087,-0.183
151,ESP32-HARDWARE-01,RUNNING,28.58,-0.337,-0.127,-0.169
152,ESP32-HARDWARE-01,RUNNING,28.6,-0.493,-0.265,-0.179
153,ESP32-HARDWARE-01,RUNNING,28.64,-0.654,-0.363,-0.115
154,ESP32-HARDWARE-01,RUNNING,28.66,-0.664,-0.381,-0.107
155,ESP32-HARDWARE-01,RUNNING,28.71,-0.691,-0.381,-0.092
156,ESP32-HARDWARE-01,RUNNING,28.72,-0.688,-0.47,-0.042
157,ESP32-HARDWARE-01,RUNNING,28.74,-0.731,-0.565,-0.026
158,ESP32-HARDWARE-01,RUNNING,28.78,-0.594,-0.453,0.03
159,ESP32-HARDWARE-01,RUNNING,28.82,-0.752,-0.384,0.082
160,ESP32-HARDWARE-01,RUNNING,28.84,-0.555,-0.307,0.105
161,ESP32-HARDWARE-01,RUNNING,28.86,-0.516,-0.398,0.088
162,ESP32-HARDWARE-01,RUNNING,28.9,-0.578,-0.331,0.146
163,ESP32-HARDWARE-01,RUNNING,28.93,-0.415,-0.089,0.214
164,ESP32-HARDWARE-01,RUNNING,28.96,-0.38,-0.081,0.212
165,ESP32-HARDWARE-01,RUNNING,28.97,-0.307,0.115,0.252
166,ESP32-HARDWARE-01,RUNNING,29.01,-0.087,0.207,0.215
167,ESP32-HARDWARE-01,RUNNING,29.05,-0.099,0.213,0.274
168,ESP32-HARDWARE-01,RUNNING,29.08,-0.03,0.407,0.286
169,ESP32-HARDWARE-01,RUNNING,29.09,0.189,0.526,0.305
170,ESP32-HARDWARE-01,RUNNING,29.11,0.315,0.51,0.33
171,ESP32-HARDWARE-01,RUNNING,29.14,0.292,0.526,0.406
172,ESP32-HARDWARE-01,RUNNING,29.16,0.395,0.435,0.338
173,ESP32-HARDWARE-01,RUNNING,29.21,0.589,0.392,0.388
174,ESP32-HARDWARE-01,RUNNING,29.24,0.593,0.466,0.374
175,ESP32-HARDWARE-01,RUNNING,29.26,0.558,0.321,0.424
176,ESP32-HARDWARE-01,RUNNING,29.28,0.639,0.168,0.44
177,ESP32-HARDWARE-01,RUNNING,29.3,0.615,0.184,0.436
178,ESP32-HARDWARE-01,RUNNING,29.31,0.602,0.052,0.355
179,ESP32-HARDWARE-01,RUNNING,29.36,0.731,0.007,0.371
180,ESP32-HARDWARE-01,RUNNING,29.38,0.738,-0.103,0.389
181,ESP32-HARDWARE-01,RUNNING,29.43,0.566,-0.336,0.34
182,ESP32-HARDWARE-01,RUNNING,29.47,0.636,-0.323,0.386
183,ESP32-HARDWARE-01,RUNNING,29.51,0.473,-0.359,0.385
184,ESP32-HARDWARE-01,RUNNING,29.53,0.498,-0.396,0.377
185,ESP32-HARDWARE-01,RUNNING,29.54,0.332,-0.542,0.325
186,ESP32-HARDWARE-01,RUNNING,29.56,0.228,-0.456,0.268
187,ESP32-HARDWARE-01,RUNNING,29.58,0.185,-0.423,0.318
188,ESP32-HARDWARE-01,RUNNING,29.61,0.147,-0.518,0.242
189,ESP32-HARDWARE-01,RUNNING,29.64,-0.132,-0.403,0.256
190,ESP32-HARDWARE-01,RUNNING,29.68,-0.067,-0.385,0.214
191,ESP32-HARDWARE-01,RUNNING,29.72,-0.27,-0.29,0.172
192,ESP32-HARDWARE-01,RUNNING,29.76,-0.286,-0.063,0.178
193,ESP32-HARDWARE-01,RUNNING,29.81,-0.43,0.112,0.082
194,ESP32-HARDWARE-01,RUNNING,29.84,-0.461,0.114,0.119
195,ESP32-HARDWARE-01,RUNNING,29.88,-0.676,0.141,0.062
196,ESP32-HARDWARE-01,RUNNING,29.92,-0.724,0.352,0.026
197,ESP32-HARDWARE-01,RUNNING,29.95,-0.646,0.387,-0.061
198,ESP32-HARDWARE-01,RUNNING,29.98,-0.638,0.518,-0.067
199,ESP32-HARDWARE-01,RUNNING,30.0,-0.684,0.527,-0.062
200,ESP32-HARDWARE-01,RUNNING,30.02,-0.639,0.413,-0.124
201,ESP32-HARDWARE-01,RUNNING,30.04,-0.643,0.42,-0.14
202,ESP32-HARDWARE-01,RUNNING,30.06,-0.702,0.423,-0.145
203,ESP32-HARDWARE-01,RUNNING,30.07,-0.482,0.408,-0.236
204,ESP32-HARDWARE-01,RUNNING,30.11,-0.59,0.385,-0.185
205,ESP32-HARDWARE-01,RUNNING,30.15,-0.392,0.127,-0.21
206,ESP32-HARDWARE-01,RUNNING,30.18,-0.259,0.06,-0.247
207,ESP32-HARDWARE-01,RUNNING,30.22,-0.235,0.064,-0.252
208,ESP32-HARDWARE-01,RUNNING,30.25,-0.165,-0.076,-0.313
209,ESP32-HARDWARE-01,RUNNING,30.3,-0.049,-0.144,-0.375
210,ESP32-HARDWARE-01,RUNNING,30.35,-0.001,-0.379,-0.354
211,ESP32-HARDWARE-01,RUNNING,30.36,0.13,-0.416,-0.321
212,ESP32-HARDWARE-01,RUNNING,30.38,0.36,-0.39,-0.332
213,ESP32-HARDWARE-01,RUNNING,30.39,0.352,-0.432,-0.349
214,ESP32-HARDWARE-01,RUNNING,30.44,0.397,-0.569,-0.415
215,ESP32-HARDWARE-01,RUNNING,30.46,0.554,-0.53,-0.428
216,ESP32-HARDWARE-01,RUNNING,30.48,0.58,-0.459,-0.354
217,ESP32-HARDWARE-01,RUNNING,30.52,0.58,-0.32,-0.383
218,ESP32-HARDWARE-01,RUNNING,30.56,0.661,-0.354,-0.349
219,ESP32-HARDWARE-01,RUNNING,30.6,0.681,-0.211,-0.372
220,ESP32-HARDWARE-01,RUNNING,30.63,0.639,-0.067,-0.338
221,ESP32-HARDWARE-01,RUNNING,30.67,0.757,-0.115,-0.337
222,ESP32-HARDWARE-01,RUNNING,30.71,0.677,0.155,-0.312
223,ESP32-HARDWARE-01,RUNNING,30.75,0.561,0.108,-0.321
224,ESP32-HARDWARE-01,RUNNING,30.77,0.592,0.234,-0.342
225,ESP32-HARDWARE-01,RUNNING,30.78,0.459,0.365,-0.321
226,ESP32-HARDWARE-01,RUNNING,30.82,0.386,0.335,-0.282
227,ESP32-HARDWARE-01,RUNNING,30.86,0.293,0.537,-0.273
228,ESP32-HARDWARE-01,RUNNING,30.9,0.164,0.409,-0.222
229,ESP32-HARDWARE-01,RUNNING,30.92,0.108,0.579,-0.236
230,ESP32-HARDWARE-01,RUNNING,30.94,0.007,0.457,-0.203
231,ESP32-HARDWARE-01,RUNNING,30.97,-0.009,0.347,-0.17
232,ESP32-HARDWARE-01,RUNNING,31.01,-0.222,0.415,-0.14
233,ESP32-HARDWARE-01,RUNNING,31.04,-0.168,0.301,-0.048
234,ESP32-HARDWARE-01,RUNNING,31.08,-0.384,0.092,-0.079
235,ESP32-HARDWARE-01,RUNNING,31.12,-0.404,0.122,0.003
236,ESP32-HARDWARE-01,RUNNING,31.16,-0.566,-0.044,-0.02
237,ESP32-HARDWARE-01,RUNNING,31.2,-0.519,-0.06,0.016
238,ESP32-HARDWARE-01,RUNNING,31.21,-0.652,-0.159,0.103
239,ESP32-HARDWARE-01,RUNNING,31.26,-0.609,-0.345,0.08
240,ESP32-HARDWARE-01,RUNNING,31.27,-0.771,-0.386,0.113
241,ESP32-HARDWARE-01,RUNNING,31.32,-0.771,-0.444,0.148
242,ESP32-HARDWARE-01,RUNNING,31.36,-0.777,-0.497,0.233
243,ESP32-HARDWARE-01,RUNNING,31.41,-0.711,-0.446,0.261
244,ESP32-HARDWARE-01,RUNNING,31.45,-0.527,-0.543,0.252
245,ESP32-HARDWARE-01,RUNNING,31.48,-0.603,-0.462,0.277
246,ESP32-HARDWARE-01,RUNNING,31.52,-0.46,-0.284,0.303
247,ESP32-HARDWARE-01,RUNNING,31.55,-0.353,-0.256,0.327
248,ESP32-HARDWARE-01,RUNNING,31.56,-0.304,-0.147,0.304
249,ESP32-HARDWARE-01,RUNNING,31.59,-0.299,-0.05,0.305
250,ESP32-HARDWARE-01,RUNNING,31.62,-0.142,-0.034,0.404
251,ESP32-HARDWARE-01,RUNNING,31.66,-0.128,0.182,0.343
252,ESP32-HARDWARE-01,RUNNING,31.68,0.134,0.308,0.391
253,ESP32-HARDWARE-01,RUNNING,31.71,0.088,0.372,0.346
254,ESP32-HARDWARE-01,RUNNING,31.74,0.206,0.472,0.423
255,ESP32-HARDWARE-01,RUNNING,31.77,0.374,0.427,0.363
256,ESP32-HARDWARE-01,RUNNING,31.78,0.462,0.566,0.428
257,ESP32-HARDWARE-01,RUNNING,31.8,0.578,0.429,0.437
258,ESP32-HARDWARE-01,RUNNING,31.83,0.668,0.528,0.422
259,ESP32-HARDWARE-01,RUNNING,31.84,0.558,0.46,0.356
260,ESP32-HARDWARE-01,RUNNING,31.88,0.687,0.309,0.324
261,ESP32-HARDWARE-01,RUNNING,31.9,0.662,0.411,0.335
262,ESP32-HARDWARE-01,RUNNING,31.92,0.7,0.32,0.298
263,ESP32-HARDWARE-01,RUNNING,31.97,0.654,0.046,0.34
264,ESP32-HARDWARE-01,RUNNING,31.99,0.648,0.108,0.333
265,ESP32-HARDWARE-01,RUNNING,32.04,0.608,-0.002,0.31
266,ESP32-HARDWARE-01,RUNNING,32.08,0.514,-0.143,0.212
267,ESP32-HARDWARE-01,RUNNING,32.12,0.581,-0.262,0.24
268,ESP32-HARDWARE-01,RUNNING,32.14,0.323,-0.3,0.229
269,ESP32-HARDWARE-01,RUNNING,32.17,0.39,-0.472,0.179
270,ESP32-HARDWARE-01,RUNNING,32.19,0.294,-0.547,0.165
271,ESP32-HARDWARE-01,RUNNING,32.22,0.128,-0.473,0.112
272,ESP32-HARDWARE-01,RUNNING,32.24,0.006,-0.434,0.082
273,ESP32-HARDWARE-01,RUNNING,32.28,-0.001,-0.545,0.051
274,ESP32-HARDWARE-01,RUNNING,32.31,-0.258,-0.408,0.052
275,ESP32-HARDWARE-01,RUNNING,32.35,-0.284,-0.252,-0.018
276,ESP32-HARDWARE-01,RUNNING,32.38,-0.336,-0.179,-0.077
277,ESP32-HARDWARE-01,RUNNING,32.39,-0.407,-0.222,-0.084
278,ESP32-HARDWARE-01,RUNNING,32.41,-0.481,-0.08,-0.104
279,ESP32-HARDWARE-01,RUNNING,32.43,-0.661,0.067,-0.162
280,ESP32-HARDWARE-01,RUNNING,32.47,-0.717,0.205,-0.195
281,ESP32-HARDWARE-01,RUNNING,32.5,-0.652,0.193,-0.207
282,ESP32-HARDWARE-01,RUNNING,32.52,-0.756,0.329,-0.259
283,ESP32-HARDWARE-01,RUNNING,32.55,-0.622,0.349,-0.248
284,ESP32-HARDWARE-01,RUNNING,32.58,-0.787,0.555,-0.313
285,ESP32-HARDWARE-01,RUNNING,32.6,-0.651,0.483,-0.306
286,ESP32-HARDWARE-01,RUNNING,32.63,-0.588,0.541,-0.325
287,ESP32-HARDWARE-01,RUNNING,32.65,-0.601,0.467,-0.312
288,ESP32-HARDWARE-01,RUNNING,32.69,-0.496,0.489,-0.342
289,ESP32-HARDWARE-01,RUNNING,32.73,-0.455,0.332,-0.338
290,ESP32-HARDWARE-01,RUNNING,32.74,-0.331,0.235,-0.326
291,ESP32-HARDWARE-01,RUNNING,32.77,-0.326,0.139,-0.358
292,ESP32-HARDWARE-01,RUNNING,32.79,-0.194,0.177,-0.407
293,ESP32-HARDWARE-01,RUNNING,32.82,0.03,-0.087,-0.395
294,ESP32-HARDWARE-01,RUNNING,32.85,0.098,-0.161,-0.43
295,ESP32-HARDWARE-01,RUNNING,32.86,0.213,-0.204,-0.386
296,ESP32-HARDWARE-01,RUNNING,32.91,0.195,-0.334,-0.376
297,ESP32-HARDWARE-01,RUNNING,32.93,0.39,-0.328,-0.364
298,ESP32-HARDWARE-01,RUNNING,32.95,0.445,-0.468,-0.378
299,ESP32-HARDWARE-01,RUNNING,32.98,0.514,-0.423,-0.346
300,ESP32-HARDWARE-01,RUNNING,33.02,0.506,-0.582,-0.314
301,ESP32-HARDWARE-01,RUNNING,33.04,0.578,-0.412,-0.306
302,ESP32-HARDWARE-01,RUNNING,33.08,0.729,-0.542,-0.371
303,ESP32-HARDWARE-01,RUNNING,33.11,0.662,-0.435,-0.357
304,ESP32-HARDWARE-01,RUNNING,33.15,0.657,-0.343,-0.251
305,ESP32-HARDWARE-01,RUNNING,33.17,0.592,-0.315,-0.316
306,ESP32-HARDWARE-01,RUNNING,33.2,0.569,-0.05,-0.286
307,ESP32-HARDWARE-01,RUNNING,33.21,0.633,-0.072,-0.188
308,ESP32-HARDWARE-01,RUNNING,33.25,0.594,0.032,-0.181
309,ESP32-HARDWARE-01,RUNNING,33.28,0.394,0.274,-0.173
310,ESP32-HARDWARE-01,RUNNING,33.31,0.317,0.353,-0.138
311,ESP32-HARDWARE-01,RUNNING,33.34,0.336,0.48,-0.059
312,ESP32-HARDWARE-01,RUNNING,33.36,0.137,0.437,-0.021
313,ESP32-HARDWARE-01,RUNNING,33.38,0.055,0.464,0.009
314,ESP32-HARDWARE-01,RUNNING,33.41,-0.058,0.566,-0.013
315,ESP32-HARDWARE-01,RUNNING,33.45,0.004,0.543,-0.014
316,ESP32-HARDWARE-01,RUNNING,33.46,-0.204,0.382,0.035
317,ESP32-HARDWARE-01,RUNNING,33.51,-0.381,0.418,0.061
318,ESP32-HARDWARE-01,RUNNING,33.53,-0.321,0.241,0.072
319,ESP32-HARDWARE-01,RUNNING,33.55,-0.414,0.333,0.141
320,ESP32-HARDWARE-01,RUNNING,33.57,-0.542,0.147,0.14
321,ESP32-HARDWARE-01,RUNNING,33.61,-0.582,0.113,0.206
322,ESP32-HARDWARE-01,RUNNING,33.64,-0.71,-0.156,0.275
323,ESP32-HARDWARE-01,RUNNING,33.66,-0.59,-0.111,0.218
324,ESP32-HARDWARE-01,RUNNING,33.67,-0.666,-0.324,0.327
325,ESP32-HARDWARE-01,RUNNING,33.72,-0.683,-0.406,0.338
326,ESP32-HARDWARE-01,RUNNING,33.74,-0.742,-0.364,0.331
327,ESP32-HARDWARE-01,RUNNING,33.75,-0.67,-0.389,0.325
328,ESP32-HARDWARE-01,RUNNING,33.77,-0.704,-0.468,0.351
329,ESP32-HARDWARE-01,RUNNING,33.79,-0.509,-0.511,0.392
330,ESP32-HARDWARE-01,RUNNING,33.82,-0.582,-0.497,0.365
331,ESP32-HARDWARE-01,RUNNING,33.84,-0.405,-0.457,0.401
332,ESP32-HARDWARE-01,RUNNING,33.87,-0.343,-0.418,0.395
333,ESP32-HARDWARE-01,RUNNING,33.89,-0.275,-0.242,0.422
334,ESP32-HARDWARE-01,RUNNING,33.93,-0.042,-0.101,0.406
335,ESP32-HARDWARE-01,RUNNING,33.96,0.037,-0.014,0.393
336,ESP32-HARDWARE-01,RUNNING,34.0,0.142,-0.018,0.35
337,ESP32-HARDWARE-01,RUNNING,34.04,0.15,0.094,0.416
338,ESP32-HARDWARE-01,RUNNING,34.06,0.371,0.247,0.343
339,ESP32-HARDWARE-01,RUNNING,34.09,0.381,0.279,0.414
340,ESP32-HARDWARE-01,RUNNING,34.13,0.448,0.496,0.342
341,ESP32-HARDWARE-01,RUNNING,34.14,0.547,0.496,0.381
342,ESP32-HARDWARE-01,FAULT,199.0,-11.221,-12.592,19.023
343,ESP32-HARDWARE-01,RUNNING,34.19,0.636,0.556,0.248
344,ESP32-HARDWARE-01,RUNNING,34.21,0.649,0.404,0.308
345,ESP32-HARDWARE-01,RUNNING,34.25,0.723,0.464,0.282
346,ESP32-HARDWARE-01,RUNNING,34.3,0.633,0.352,0.268
347,ESP32-HARDWARE-01,RUNNING,34.31,0.624,0.311,0.189
348,ESP32-HARDWARE-01,RUNNING,34.33,0.601,0.21,0.215
349,ESP32-HARDWARE-01,RUNNING,34.37,0.574,0.163,0.167
350,ESP32-HARDWARE-01,RUNNING,34.39,0.544,-0.062,0.116
351,ESP32-HARDWARE-01,RUNNING,34.44,0.449,-0.03,0.121
352,ESP32-HARDWARE-01,RUNNING,34.45,0.34,-0.156,0.033
353,ESP32-HARDWARE-01,RUNNING,34.48,0.278,-0.327,0.04
354,ESP32-HARDWARE-01,RUNNING,34.51,0.13,-0.364,0.028
355,ESP32-HARDWARE-01,RUNNING,34.55,0.035,-0.397,-0.008
356,ESP32-HARDWARE-01,RUNNING,34.59,0.058,-0.542,-0.103
357,ESP32-HARDWARE-01,RUNNING,34.63,-0.026,-0.445,-0.109
358,ESP32-HARDWARE-01,RUNNING,34.68,-0.29,-0.587,-0.189
359,ESP32-HARDWARE-01,RUNNING,34.69,-0.243,-0.425,-0.138
360,ESP32-HARDWARE-01,RUNNING,34.73,-0.388,-0.324,-0.184
361,ESP32-HARDWARE-01,RUNNING,34.76,-0.47,-0.391,-0.264
362,ESP32-HARDWARE-01,RUNNING,34.79,-0.513,-0.174,-0.235
363,ESP32-HARDWARE-01,RUNNING,34.81,-0.557,-0.052,-0.23
364,ESP32-HARDWARE-01,RUNNING,34.83,-0.733,-0.049,-0.297
365,ESP32-HARDWARE-01,RUNNING,34.87,-0.719,0.044,-0.304
366,ESP32-HARDWARE-01,RUNNING,34.9,-0.757,0.141,-0.327
367,ESP32-HARDWARE-01,RUNNING,34.94,-0.679,0.253,-0.397
368,ESP32-HARDWARE-01,RUNNING,34.98,-0.765,0.32,-0.394
369,ESP32-HARDWARE-01,RUNNING,35.02,-0.746,0.433,-0.345
370,ESP32-HARDWARE-01,RUNNING,35.03,-0.673,0.487,-0.424
371,ESP32-HARDWARE-01,RUNNING,35.05,-0.491,0.414,-0.424
372,ESP32-HARDWARE-01,RUNNING,35.1,-0.472,0.415,-0.444
373,ESP32-HARDWARE-01,RUNNING,35.14,-0.298,0.46,-0.426
374,ESP32-HARDWARE-01,RUNNING,35.17,-0.204,0.44,-0.419
375,ESP32-HARDWARE-01,RUNNING,35.18,-0.139,0.364,-0.441
376,ESP32-HARDWARE-01,RUNNING,35.23,-0.161,0.272,-0.43
377,ESP32-HARDWARE-01,RUNNING,35.27,0.059,0.139,-0.405
378,ESP32-HARDWARE-01,RUNNING,35.3,0.149,-0.007,-0.403
379,ESP32-HARDWARE-01,RUNNING,35.33,0.249,-0.036,-0.311
380,ESP32-HARDWARE-01,RUNNING,35.38,0.231,-0.186,-0.358
381,ESP32-HARDWARE-01,RUNNING,35.41,0.401,-0.256,-0.362
382,ESP32-HARDWARE-01,RUNNING,35.45,0.436,-0.3,-0.351
383,ESP32-HARDWARE-01,RUNNING,35.46,0.594,-0.398,-0.245
384,ESP32-HARDWARE-01,RUNNING,35.48,0.685,-0.56,-0.272
385,ESP32-HARDWARE-01,RUNNING,35.49,0.594,-0.569,-0.231
386,ESP32-HARDWARE-01,RUNNING,35.51,0.781,-0.567,-0.254
387,ESP32-HARDWARE-01,RUNNING,35.54,0.728,-0.442,-0.179
388,ESP32-HARDWARE-01,RUNNING,35.58,0.772,-0.511,-0.194
389,ESP32-HARDWARE-01,RUNNING,35.62,0.662,-0.424,-0.163
390,ESP32-HARDWARE-01,RUNNING,35.67,0.741,-0.346,-0.06
391,ESP32-HARDWARE-01,RUNNING,35.7,0.636,-0.231,-0.094
392,ESP32-HARDWARE-01,RUNNING,35.73,0.49,-0.097,-0.044
393,ESP32-HARDWARE-01,RUNNING,35.74,0.45,0.028,-0.016
394,ESP32-HARDWARE-01,RUNNING,35.77,0.465,0.211,0.072
395,ESP32-HARDWARE-01,RUNNING,35.82,0.252,0.279,0.096
396,ESP32-HARDWARE-01,RUNNING,35.85,0.233,0.251,0.073
397,ESP32-HARDWARE-01,RUNNING,35.87,0.006,0.501,0.176
398,ESP32-HARDWARE-01,RUNNING,35.89,0.001,0.495,0.143
399,ESP32-HARDWARE-01,RUNNING,35.92,-0.053,0.537,0.15
400,ESP32-HARDWARE-01,RUNNING,35.96,-0.145,0.578,0.201
401,ESP32-HARDWARE-01,RUNNING,36.01,-0.214,0.519,0.238
402,ESP32-HARDWARE-01,RUNNING,36.03,-0.441,0.409,0.293
403,ESP32-HARDWARE-01,RUNNING,36.05,-0.434,0.361,0.276
404,ESP32-HARDWARE-01,RUNNING,36.08,-0.508,0.376,0.342
405,ESP32-HARDWARE-01,RUNNING,36.13,-0.563,0.169,0.305
406,ESP32-HARDWARE-01,RUNNING,36.16,-0.623,0.127,0.364
407,ESP32-HARDWARE-01,RUNNING,36.18,-0.738,0.057,0.327
408,ESP32-HARDWARE-01,RUNNING,36.23,-0.675,-0.043,0.357
409,ESP32-HARDWARE-01,RUNNING,36.27,-0.603,-0.259,0.355
410,ESP32-HARDWARE-01,RUNNING,36.32,-0.623,-0.381,0.396
411,ESP32-HARDWARE-01,RUNNING,36.36,-0.704,-0.439,0.36
412,ESP32-HARDWARE-01,RUNNING,36.39,-0.537,-0.545,0.421
413,ESP32-HARDWARE-01,RUNNING,36.42,-0.48,-0.486,0.385
414,ESP32-HARDWARE-01,RUNNING,36.43,-0.381,-0.523,0.429
415,ESP32-HARDWARE-01,RUNNING,36.47,-0.469,-0.568,0.394
416,ESP32-HARDWARE-01,RUNNING,36.49,-0.361,-0.441,0.363
417,ESP32-HARDWARE-01,RUNNING,36.51,-0.209,-0.434,0.331
418,ESP32-HARDWARE-01,RUNNING,36.54,-0.116,-0.232,0.394
419,ESP32-HARDWARE-01,RUNNING,36.58,0.012,-0.152,0.347
420,ESP32-HARDWARE-01,RUNNING,36.62,0.134,-0.201,0.28
421,ESP32-HARDWARE-01,RUNNING,36.66,0.126,-0.08,0.26
422,ESP32-HARDWARE-01,RUNNING,36.7,0.327,0.034,0.271
423,ESP32-HARDWARE-01,RUNNING,36.75,0.4,0.167,0.276
424,ESP32-HARDWARE-01,RUNNING,36.77,0.562,0.189,0.23
425,ESP32-HARDWARE-01,RUNNING,36.8,0.519,0.417,0.219
426,ESP32-HARDWARE-01,RUNNING,36.85,0.596,0.474,0.195
427,ESP32-HARDWARE-01,RUNNING,36.87,0.579,0.432,0.134
428,ESP32-HARDWARE-01,RUNNING,36.88,0.669,0.475,0.147
429,ESP32-HARDWARE-01,RUNNING,36.92,0.701,0.433,0.105
430,ESP32-HARDWARE-01,RUNNING,36.95,0.71,0.552,0.084
431,ESP32-HARDWARE-01,RUNNING,36.97,0.724,0.417,0.045
432,ESP32-HARDWARE-01,RUNNING,36.98,0.569,0.317,0.011
433,ESP32-HARDWARE-01,RUNNING,36.99,0.57,0.217,-0.011
434,ESP32-HARDWARE-01,RUNNING,37.01,0.57,0.072,-0.073
435,ESP32-HARDWARE-01,RUNNING,37.04,0.491,-0.009,-0.114
436,ESP32-HARDWARE-01,RUNNING,37.07,0.452,0.011,-0.1
437,ESP32-HARDWARE-01,RUNNING,37.11,0.244,-0.169,-0.117
438,ESP32-HARDWARE-01,RUNNING,37.15,0.137,-0.317,-0.204
439,ESP32-HARDWARE-01,RUNNING,37.17,0.005,-0.29,-0.177
440,ESP32-HARDWARE-01,RUNNING,37.22,-0.048,-0.451,-0.242
441,ESP32-HARDWARE-01,RUNNING,37.23,-0.164,-0.551,-0.242
442,ESP32-HARDWARE-01,RUNNING,37.25,-0.179,-0.45,-0.29
443,ESP32-HARDWARE-01,RUNNING,37.27,-0.257,-0.458,-0.304
444,ESP32-HARDWARE-01,RUNNING,37.3,-0.363,-0.563,-0.309
445,ESP32-HARDWARE-01,RUNNING,37.32,-0.534,-0.428,-0.313
446,ESP32-HARDWARE-01,RUNNING,37.34,-0.521,-0.422,-0.38
447,ESP32-HARDWARE-01,RUNNING,37.38,-0.526,-0.234,-0.421
448,ESP32-HARDWARE-01,RUNNING,37.4,-0.712,-0.134,-0.352
449,ESP32-HARDWARE-01,RUNNING,37.45,-0.664,-0.04,-0.402
450,ESP32-HARDWARE-01,RUNNING,37.46,-0.689,0.06,-0.35
451,ESP32-HARDWARE-01,RUNNING,37.5,-0.789,0.174,-0.37
452,ESP32-HARDWARE-01,RUNNING,37.53,-0.591,0.171,-0.417
453,ESP32-HARDWARE-01,RUNNING,37.58,-0.669,0.319,-0.371
454,ESP32-HARDWARE-01,RUNNING,37.6,-0.562,0.394,-0.423
455,ESP32-HARDWARE-01,RUNNING,37.62,-0.584,0.484,-0.337
456,ESP32-HARDWARE-01,RUNNING,37.64,-0.512,0.506,-0.327
457,ESP32-HARDWARE-01,RUNNING,37.67,-0.416,0.52,-0.342
458,ESP32-HARDWARE-01,RUNNING,37.7,-0.302,0.412,-0.361
459,ESP32-HARDWARE-01,RUNNING,37.72,-0.261,0.357,-0.363
460,ESP32-HARDWARE-01,RUNNING,37.74,-0.137,0.351,-0.286
461,ESP32-HARDWARE-01,RUNNING,37.76,0.041,0.264,-0.308
462,ESP32-HARDWARE-01,RUNNING,37.8,0.041,0.311,-0.287
463,ESP32-HARDWARE-01,RUNNING,37.83,0.154,0.179,-0.229
464,ESP32-HARDWARE-01,RUNNING,37.86,0.331,-0.031,-0.223
465,ESP32-HARDWARE-01,RUNNING,37.9,0.446,-0.17,-0.179
466,ESP32-HARDWARE-01,RUNNING,37.95,0.582,-0.138,-0.115
467,ESP32-HARDWARE-01,RUNNING,37.98,0.633,-0.352,-0.144
468,ESP32-HARDWARE-01,RUNNING,37.99,0.598,-0.388,-0.149
469,ESP32-HARDWARE-01,RUNNING,38.04,0.707,-0.413,-0.117
470,ESP32-HARDWARE-01,RUNNING,38.05,0.718,-0.397,-0.044
471,ESP32-HARDWARE-01,RUNNING,38.07,0.621,-0.462,-0.008
472,ESP32-HARDWARE-01,RUNNING,38.09,0.603,-0.484,0.048
473,ESP32-HARDWARE-01,RUNNING,38.12,0.668,-0.4,0.008
474,ESP32-HARDWARE-01,RUNNING,38.17,0.549,-0.316,0.111
475,ESP32-HARDWARE-01,RUNNING,38.2,0.537,-0.281,0.125
476,ESP32-HARDWARE-01,RUNNING,38.24,0.434,-0.298,0.144
477,ESP32-HARDWARE-01,RUNNING,38.27,0.419,-0.127,0.168
478,ESP32-HARDWARE-01,RUNNING,38.29,0.418,-0.086,0.191
479,ESP32-HARDWARE-01,RUNNING,38.31,0.371,0.104,0.201
480,ESP32-HARDWARE-01,RUNNING,38.38,1.49,1.232,1.359
481,ESP32-HARDWARE-01,RUNNING,38.41,1.478,1.528,1.926
482,ESP32-HARDWARE-01,RUNNING,38.44,0.964,1.276,1.004
483,ESP32-HARDWARE-01,RUNNING,38.54,0.9,1.003,0.726
484,ESP32-HARDWARE-01,RUNNING,38.63,1.089,0.961,-0.265
485,ESP32-HARDWARE-01,RUNNING,38.66,0.724,0.534,-1.115
486,ESP32-HARDWARE-01,RUNNING,38.72,0.36,0.301,-1.204
487,ESP32-HARDWARE-01,RUNNING,38.8,0.15,-0.126,-1.453
488,ESP32-HARDWARE-01,RUNNING,38.83,-0.102,-0.507,-1.456
489,ESP32-HARDWARE-01,RUNNING,38.88,-0.698,-0.869,-0.712
490,ESP32-HARDWARE-01,RUNNING,38.92,-0.758,-1.26,-0.203
491,ESP32-HARDWARE-01,RUNNING,38.96,-1.037,-1.184,0.564
492,ESP32-HARDWARE-01,RUNNING,39.0,-1.545,-1.643,1.187
493,ESP32-HARDWARE-01,RUNNING,39.08,-1.48,-1.32,2.006
494,ESP32-HARDWARE-01,RUNNING,39.14,-1.656,-1.244,1.666
495,ESP32-HARDWARE-01,RUNNING,39.16,-1.221,-1.04,1.265
496,ESP32-HARDWARE-01,RUNNING,39.21,-1.416,-0.368,0.568
497,ESP32-HARDWARE-01,RUNNING,39.29,-1.221,-0.134,-0.33
498,ESP32-HARDWARE-01,RUNNING,39.34,-1.275,0.342,-0.958
499,ESP32-HARDWARE-01,RUNNING,39.38,-1.214,0.61,-1.38
500,ESP32-HARDWARE-01,RUNNING,39.4,-0.654,0.763,-1.967
501,ESP32-HARDWARE-01,RUNNING,39.46,-0.73,1.453,-1.111
502,ESP32-HARDWARE-01,RUNNING,39.51,-0.27,1.642,-0.788
503,ESP32-HARDWARE-01,RUNNING,39.58,0.115,1.136,0.47
504,ESP32-HARDWARE-01,RUNNING,39.62,0.131,1.126,0.692
505,ESP32-HARDWARE-01,RUNNING,39.67,0.705,1.32,1.66
506,ESP32-HARDWARE-01,RUNNING,39.71,0.691,0.995,1.842
507,ESP32-HARDWARE-01,RUNNING,39.8,0.989,0.612,1.522
508,ESP32-HARDWARE-01,RUNNING,39.9,1.039,0.091,0.44
509,ESP32-HARDWARE-01,RUNNING,39.97,1.532,-0.701,-0.428
510,ESP32-HARDWARE-01,RUNNING,39.99,1.594,-0.552,-0.821
511,ESP32-HARDWARE-01,RUNNING,40.05,1.214,-1.261,-1.101
512,ESP32-HARDWARE-01,RUNNING,40.1,1.391,-1.221,-1.681
513,ESP32-HARDWARE-01,RUNNING,40.17,1.403,-1.406,-1.683
514,ESP32-HARDWARE-01,RUNNING,40.2,0.967,-1.433,-0.99
515,ESP32-HARDWARE-01,RUNNING,40.24,0.847,-0.984,-0.08
516,ESP32-HARDWARE-01,RUNNING,40.28,0.403,-1.095,0.904
517,ESP32-HARDWARE-01,RUNNING,40.34,0.239,-0.851,1.549
518,ESP32-HARDWARE-01,RUNNING,40.38,0.014,-0.198,1.377
519,ESP32-HARDWARE-01,RUNNING,40.44,0.099,0.135,1.716
520,ESP32-HARDWARE-01,RUNNING,40.5,-0.448,0.731,1.157
521,ESP32-HARDWARE-01,RUNNING,40.53,-0.619,0.751,0.152
522,ESP32-HARDWARE-01,RUNNING,40.58,-1.23,1.324,-0.52
523,ESP32-HARDWARE-01,RUNNING,40.64,-1.412,1.332,-1.216
524,ESP32-HARDWARE-01,RUNNING,40.7,-1.333,1.684,-1.709
525,ESP32-HARDWARE-01,RUNNING,40.73,-1.554,1.187,-1.472
526,ESP32-HARDWARE-01,RUNNING,40.83,-1.445,0.784,-1.0
527,ESP32-HARDWARE-01,RUNNING,40.86,-1.644,0.489,-0.472
528,ESP32-HARDWARE-01,RUNNING,40.91,-1.173,0.375,0.126
529,ESP32-HARDWARE-01,RUNNING,40.93,-1.516,0.073,1.105
530,ESP32-HARDWARE-01,RUNNING,41.0,-1.145,-0.555,1.733
531,ESP32-HARDWARE-01,RUNNING,41.04,-1.122,-0.573,1.677
532,ESP32-HARDWARE-01,RUNNING,41.13,-0.767,-1.088,1.08
533,ESP32-HARDWARE-01,RUNNING,41.19,-0.369,-1.29,0.743
534,ESP32-HARDWARE-01,RUNNING,41.25,0.052,-1.174,0.431
535,ESP32-HARDWARE-01,RUNNING,41.34,0.079,-1.206,-0.773
536,ESP32-HARDWARE-01,RUNNING,41.44,0.533,-1.002,-1.658
537,ESP32-HARDWARE-01,RUNNING,41.48,0.73,-1.101,-1.664
538,ESP32-HARDWARE-01,RUNNING,41.51,0.943,-0.409,-1.557
539,ESP32-HARDWARE-01,RUNNING,41.53,1.185,-0.323,-1.093
540,ESP32-HARDWARE-01,RUNNING,41.59,1.587,0.018,-0.19
541,ESP32-HARDWARE-01,RUNNING,41.67,1.385,0.807,0.554
542,ESP32-HARDWARE-01,RUNNING,41.74,1.674,1.038,1.24
543,ESP32-HARDWARE-01,RUNNING,41.79,1.457,1.336,1.671
544,ESP32-HARDWARE-01,RUNNING,41.82,1.404,1.538,1.512
545,ESP32-HARDWARE-01,RUNNING,41.91,1.499,1.55,1.185
546,ESP32-HARDWARE-01,RUNNING,41.96,1.175,1.04,0.842
547,ESP32-HARDWARE-01,RUNNING,42.05,0.826,1.181,-0.692
548,ESP32-HARDWARE-01,RUNNING,42.15,0.382,0.571,-1.392
549,ESP32-HARDWARE-01,RUNNING,42.18,0.096,0.106,-1.597
550,ESP32-HARDWARE-01,RUNNING,42.26,-0.298,0.077,-1.327
551,ESP32-HARDWARE-01,RUNNING,42.3,-0.325,-0.686,-1.054
552,ESP32-HARDWARE-01,RUNNING,42.39,-0.504,-0.818,-1.047
553,ESP32-HARDWARE-01,RUNNING,42.45,-1.199,-1.05,-0.158
554,ESP32-HARDWARE-01,RUNNING,42.5,-1.15,-1.356,0.624
555,ESP32-HARDWARE-01,RUNNING,42.53,-1.018,-1.676,1.364
556,ESP32-HARDWARE-01,RUNNING,42.56,-1.268,-1.396,1.733
557,ESP32-HARDWARE-01,RUNNING,42.65,-1.782,-1.234,1.316
558,ESP32-HARDWARE-01,RUNNING,42.73,-1.474,-0.813,0.974
559,ESP32-HARDWARE-01,RUNNING,42.81,-1.345,-0.635,0.466
560,ESP32-HARDWARE-01,RUNNING,42.83,-1.328,-0.394,-0.315
561,ESP32-HARDWARE-01,RUNNING,42.88,-1.01,0.474,-1.311
562,ESP32-HARDWARE-01,RUNNING,42.97,-0.779,0.831,-1.577
563,ESP32-HARDWARE-01,RUNNING,43.06,-0.553,1.105,-1.766
564,ESP32-HARDWARE-01,RUNNING,43.1,-0.654,1.313,-0.818
565,ESP32-HARDWARE-01,RUNNING,43.14,-0.347,1.494,-0.677
566,ESP32-HARDWARE-01,RUNNING,43.18,-0.02,1.508,0.774
567,ESP32-HARDWARE-01,RUNNING,43.28,0.205,1.294,0.916
568,ESP32-HARDWARE-01,RUNNING,43.32,0.809,1.086,1.739
569,ESP32-HARDWARE-01,RUNNING,43.38,1.011,0.811,1.996
570,ESP32-HARDWARE-01,RUNNING,43.42,0.912,0.116,1.025
571,ESP32-HARDWARE-01,RUNNING,43.45,1.23,-0.316,0.52
572,ESP32-HARDWARE-01,RUNNING,43.51,1.701,-0.509,0.138
573,ESP32-HARDWARE-01,RUNNING,43.53,1.726,-0.726,-0.867
574,ESP32-HARDWARE-01,RUNNING,43.59,1.526,-1.166,-1.663
575,ESP32-HARDWARE-01,RUNNING,43.63,1.193,-1.109,-2.039
576,ESP32-HARDWARE-01,RUNNING,43.71,1.474,-1.399,-1.703
577,ESP32-HARDWARE-01,RUNNING,43.8,1.137,-1.329,-0.871
578,ESP32-HARDWARE-01,RUNNING,43.88,1.101,-0.893,-0.211
579,ESP32-HARDWARE-01,RUNNING,43.96,0.835,-0.981,0.814
580,ESP32-HARDWARE-01,RUNNING,44.0,0.105,-0.398,1.617
581,ESP32-HARDWARE-01,RUNNING,44.04,0.059,-0.165,1.573
582,ESP32-HARDWARE-01,RUNNING,44.13,-0.029,0.411,1.63
583,ESP32-HARDWARE-01,RUNNING,44.18,-0.649,1.015,1.432
584,ESP32-HARDWARE-01,RUNNING,44.28,-0.664,1.128,0.532
585,ESP32-HARDWARE-01,RUNNING,44.32,-0.9,1.495,-0.833
586,ESP32-HARDWARE-01,RUNNING,44.35,-1.331,1.23,-1.568
587,ESP32-HARDWARE-01,RUNNING,44.44,-1.569,1.239,-1.291
588,ESP32-HARDWARE-01,RUNNING,44.52,-1.385,1.41,-1.823
589,ESP32-HARDWARE-01,RUNNING,44.61,-1.737,1.003,-1.183
590,ESP32-HARDWARE-01,RUNNING,44.63,-1.415,0.661,-0.373
591,ESP32-HARDWARE-01,RUNNING,44.68,-1.581,0.405,0.53
592,ESP32-HARDWARE-01,RUNNING,44.71,-1.048,-0.355,0.819
593,ESP32-HARDWARE-01,RUNNING,44.73,-0.93,-0.676,1.525
594,ESP32-HARDWARE-01,RUNNING,44.82,-0.909,-0.696,2.05
595,ESP32-HARDWARE-01,RUNNING,44.88,-0.545,-1.048,1.429
596,ESP32-HARDWARE-01,RUNNING,44.92,-0.493,-1.535,1.021
597,ESP32-HARDWARE-01,RUNNING,44.99,0.222,-1.464,0.259
598,ESP32-HARDWARE-01,RUNNING,45.03,0.252,-1.038,-0.507
599,ESP32-HARDWARE-01,RUNNING,45.06,0.623,-1.321,-1.559
600,ESP32-HARDWARE-01,RUNNING,45.11,0.891,-0.746,-1.304
601,ESP32-HARDWARE-01,RUNNING,45.19,0.977,-0.496,-1.273
602,ESP32-HARDWARE-01,RUNNING,45.27,1.478,0.163,-1.179
603,ESP32-HARDWARE-01,RUNNING,45.35,1.353,0.262,-0.288
604,ESP32-HARDWARE-01,RUNNING,45.39,1.538,0.98,1.014
605,ESP32-HARDWARE-01,RUNNING,45.48,1.625,0.89,1.702
606,ESP32-HARDWARE-01,RUNNING,45.57,1.568,1.39,1.866
607,ESP32-HARDWARE-01,RUNNING,45.61,1.602,1.14,1.925
608,ESP32-HARDWARE-01,RUNNING,45.65,1.482,1.274,0.911
609,ESP32-HARDWARE-01,RUNNING,45.71,1.073,1.228,0.041
610,ESP32-HARDWARE-01,RUNNING,45.76,1.022,0.867,-0.231
611,ESP32-HARDWARE-01,RUNNING,45.81,0.422,0.366,-1.165
612,ESP32-HARDWARE-01,RUNNING,45.88,-0.059,0.548,-1.675
613,ESP32-HARDWARE-01,RUNNING,45.93,-0.111,-0.115,-1.739
614,ESP32-HARDWARE-01,RUNNING,45.97,-0.492,-0.818,-1.287
615,ESP32-HARDWARE-01,RUNNING,46.01,-0.523,-0.711,-0.225
616,ESP32-HARDWARE-01,RUNNING,46.09,-0.873,-0.97,0.116
617,ESP32-HARDWARE-01,RUNNING,46.17,-0.96,-1.446,0.792
618,ESP32-HARDWARE-01,RUNNING,46.26,-1.388,-1.335,1.142
619,ESP32-HARDWARE-01,RUNNING,46.35,-1.637,-1.08,1.664
620,ESP32-HARDWARE-01,RUNNING,46.42,-1.584,-0.918,1.067
621,ESP32-HARDWARE-01,RUNNING,46.5,-1.253,-1.098,1.22
622,ESP32-HARDWARE-01,RUNNING,46.52,-1.216,-0.231,0.058
623,ESP32-HARDWARE-01,RUNNING,46.62,-1.447,0.091,-1.14
624,ESP32-HARDWARE-01,RUNNING,46.68,-1.162,0.61,-1.78
625,ESP32-HARDWARE-01,RUNNING,46.77,-1.159,1.047,-1.702
626,ESP32-HARDWARE-01,RUNNING,46.82,-0.806,0.91,-1.695
627,ESP32-HARDWARE-01,RUNNING,46.86,-0.306,1.009,-0.746
628,ESP32-HARDWARE-01,RUNNING,46.89,0.113,1.443,-0.163
629,ESP32-HARDWARE-01,RUNNING,46.96,0.331,1.244,0.614
630,ESP32-HARDWARE-01,RUNNING,46.99,0.411,1.289,1.555
631,ESP32-HARDWARE-01,RUNNING,47.05,0.483,0.76,1.731
632,ESP32-HARDWARE-01,RUNNING,47.12,0.949,0.463,1.65
633,ESP32-HARDWARE-01,RUNNING,47.21,1.196,0.509,1.108
634,ESP32-HARDWARE-01,RUNNING,47.28,1.575,-0.042,0.344
635,ESP32-HARDWARE-01,RUNNING,47.33,1.229,-0.436,-0.7
636,ESP32-HARDWARE-01,RUNNING,47.38,1.281,-0.864,-1.246
637,ESP32-HARDWARE-01,RUNNING,47.44,1.634,-1.28,-1.449
638,ESP32-HARDWARE-01,RUNNING,47.48,1.551,-1.095,-1.377
639,ESP32-HARDWARE-01,RUNNING,47.53,1.223,-1.308,-1.312
640,ESP32-HARDWARE-01,RUNNING,47.62,1.173,-1.488,-0.791
641,ESP32-HARDWARE-01,RUNNING,47.67,0.796,-1.194,-0.059
642,ESP32-HARDWARE-01,RUNNING,47.75,0.341,-1.046,1.173
643,ESP32-HARDWARE-01,RUNNING,47.81,0.334,-0.601,1.547
644,ESP32-HARDWARE-01,RUNNING,47.86,0.048,-0.149,1.487
645,ESP32-HARDWARE-01,RUNNING,47.93,-0.14,0.581,1.512
646,ESP32-HARDWARE-01,RUNNING,48.03,-0.861,0.824,0.898
647,ESP32-HARDWARE-01,RUNNING,48.1,-1.085,1.049,-0.137
648,ESP32-HARDWARE-01,RUNNING,48.18,-0.998,1.247,-0.966
649,ESP32-HARDWARE-01,RUNNING,48.21,-1.553,1.549,-1.564
650,ESP32-HARDWARE-01,RUNNING,48.24,-1.552,1.511,-1.324
651,ESP32-HARDWARE-01,RUNNING,48.31,-1.393,1.263,-1.822
652,ESP32-HARDWARE-01,RUNNING,48.4,-1.639,0.663,-1.098
653,ESP32-HARDWARE-01,RUNNING,48.47,-1.248,0.434,-0.691
654,ESP32-HARDWARE-01,RUNNING,48.54,-1.375,0.28,0.185
655,ESP32-HARDWARE-01,RUNNING,48.57,-1.159,-0.415,0.83
656,ESP32-HARDWARE-01,RUNNING,48.65,-0.833,-0.343,1.902
657,ESP32-HARDWARE-01,RUNNING,48.68,-0.974,-1.04,1.898
658,ESP32-HARDWARE-01,RUNNING,48.71,-0.647,-1.112,1.138
659,ESP32-HARDWARE-01,RUNNING,48.76,-0.431,-1.649,0.55
660,ESP32-HARDWARE-01,RUNNING,48.86,-0.026,-1.597,-0.105
661,ESP32-HARDWARE-01,RUNNING,48.89,0.525,-1.379,-0.996
662,ESP32-HARDWARE-01,RUNNING,48.94,0.712,-0.813,-1.673
663,ESP32-HARDWARE-01,RUNNING,48.98,1.178,-0.8,-1.629
664,ESP32-HARDWARE-01,RUNNING,49.03,1.348,-0.553,-1.394
665,ESP32-HARDWARE-01,RUNNING,49.12,1.194,-0.243,-0.769
666,ESP32-HARDWARE-01,RUNNING,49.22,1.229,0.494,0.003
667,ESP32-HARDWARE-01,RUNNING,49.27,1.558,0.622,0.534
668,ESP32-HARDWARE-01,RUNNING,49.3,1.644,1.293,1.088
669,ESP32-HARDWARE-01,RUNNING,49.33,1.353,1.548,1.558
670,ESP32-HARDWARE-01,RUNNING,49.39,1.302,1.125,1.767
671,ESP32-HARDWARE-01,RUNNING,49.46,1.155,1.491,0.949
672,ESP32-HARDWARE-01,RUNNING,49.5,1.057,1.228,0.06
673,ESP32-HARDWARE-01,RUNNING,49.57,0.818,0.664,-0.796
674,ESP32-HARDWARE-01,RUNNING,49.63,0.483,0.336,-1.501
675,ESP32-HARDWARE-01,RUNNING,49.7,0.353,0.31,-1.931
676,ESP32-HARDWARE-01,RUNNING,49.79,-0.41,-0.436,-1.988
677,ESP32-HARDWARE-01,RUNNING,49.89,-0.668,-0.857,-0.957
678,ESP32-HARDWARE-01,RUNNING,49.96,-0.607,-0.963,-0.489
679,ESP32-HARDWARE-01,RUNNING,50.03,-0.955,-1.221,0.674
680,ESP32-HARDWARE-01,RUNNING,50.05,-1.224,-1.184,0.921
681,ESP32-HARDWARE-01,FAULT,199.0,-11.221,-12.592,19.023
682,ESP32-HARDWARE-01,RUNNING,50.1,-1.39,-1.545,2.075
683,ESP32-HARDWARE-01,RUNNING,50.18,-1.322,-1.069,1.056
684,ESP32-HARDWARE-01,RUNNING,50.22,-1.694,-0.946,0.497
685,ESP32-HARDWARE-01,RUNNING,50.27,-1.573,-0.371,-0.139
686,ESP32-HARDWARE-01,RUNNING,50.33,-1.03,0.019,-0.659
687,ESP32-HARDWARE-01,RUNNING,50.39,-1.255,0.274,-1.305
688,ESP32-HARDWARE-01,RUNNING,50.48,-0.751,0.523,-1.313
689,ESP32-HARDWARE-01,RUNNING,50.56,-0.464,1.217,-1.197
690,ESP32-HARDWARE-01,RUNNING,50.59,-0.36,1.425,-0.949
691,ESP32-HARDWARE-01,FAULT,113.97,10.135,-14.063,-16.186
692,ESP32-HARDWARE-01,RUNNING,50.71,0.279,1.118,0.728
693,ESP32-HARDWARE-01,RUNNING,50.8,0.42,1.279,1.286
694,ESP32-HARDWARE-01,RUNNING,50.84,0.589,0.878,1.819
695,ESP32-HARDWARE-01,RUNNING,50.94,0.968,0.77,1.343
696,ESP32-HARDWARE-01,RUNNING,50.99,1.076,0.332,1.063
697,ESP32-HARDWARE-01,RUNNING,51.03,1.503,-0.52,0.638
698,ESP32-HARDWARE-01,RUNNING,51.05,1.575,-0.607,-0.87
699,ESP32-HARDWARE-01,RUNNING,51.14,1.583,-0.946,-1.115
700,ESP32-HARDWARE-01,RUNNING,51.16,1.171,-1.523,-1.485
701,ESP32-HARDWARE-01,RUNNING,51.22,1.276,-1.273,-1.661
702,ESP32-HARDWARE-01,RUNNING,51.26,0.941,-1.103,-1.18
703,ESP32-HARDWARE-01,RUNNING,51.31,0.865,-1.309,-0.71
704,ESP32-HARDWARE-01,RUNNING,51.4,0.884,-1.289,-0.13
705,ESP32-HARDWARE-01,RUNNING,51.5,0.319,-0.93,1.017
706,ESP32-HARDWARE-01,RUNNING,51.54,0.162,-0.367,1.367
707,ESP32-HARDWARE-01,RUNNING,51.63,-0.198,0.014,1.899
708,ESP32-HARDWARE-01,RUNNING,51.67,-0.28,0.192,1.503
709,ESP32-HARDWARE-01,RUNNING,51.74,-0.485,1.015,0.594
710,ESP32-HARDWARE-01,RUNNING,51.83,-0.87,1.086,0.26
711,ESP32-HARDWARE-01,RUNNING,51.89,-0.809,1.268,-0.425
712,ESP32-HARDWARE-01,RUNNING,51.93,-1.433,1.194,-1.571
713,ESP32-HARDWARE-01,RUNNING,52.02,-1.166,1.348,-1.752
714,ESP32-HARDWARE-01,RUNNING,52.05,-1.354,0.988,-1.521
715,ESP32-HARDWARE-01,RUNNING,52.11,-1.371,0.663,-0.844
716,ESP32-HARDWARE-01,RUNNING,52.17,-1.654,0.428,-0.031
717,ESP32-HARDWARE-01,RUNNING,52.21,-1.101,0.142,0.431
718,ESP32-HARDWARE-01,RUNNING,52.29,-1.16,-0.489,1.303
719,ESP32-HARDWARE-01,RUNNING,52.35,-1.24,-0.645,1.971
720,ESP32-HARDWARE-01,RUNNING,52.62,-0.834,-1.295,1.798
721,ESP32-HARDWARE-01,RUNNING,52.85,-0.417,-1.078,1.062
722,ESP32-HARDWARE-01,RUNNING,53.14,-0.254,-1.509,0.439
723,ESP32-HARDWARE-01,RUNNING,53.32,0.237,-1.682,-0.534
724,ESP32-HARDWARE-01,RUNNING,53.62,0.663,-1.382,-1.117
725,ESP32-HARDWARE-01,RUNNING,53.78,1.007,-1.095,-2.087
726,ESP32-HARDWARE-01,RUNNING,53.97,0.756,-0.954,-1.713
727,ESP32-HARDWARE-01,RUNNING,54.23,1.212,-0.405,-1.394
728,ESP32-HARDWARE-01,RUNNING,54.41,1.216,0.188,-0.844
729,ESP32-HARDWARE-01,RUNNING,54.75,1.371,0.277,0.501
730,ESP32-HARDWARE-01,RUNNING,55.08,1.695,0.67,1.199
731,ESP32-HARDWARE-01,RUNNING,55.23,1.519,1.373,1.841
732,ESP32-HARDWARE-01,RUNNING,55.47,1.517,1.473,1.531
733,ESP32-HARDWARE-01,RUNNING,55.81,1.519,1.48,1.774
734,ESP32-HARDWARE-01,RUNNING,56.03,0.92,1.267,0.57
735,ESP32-HARDWARE-01,RUNNING,56.24,0.851,1.294,0.195
736,ESP32-HARDWARE-01,RUNNING,56.57,0.695,0.998,-0.382
737,ESP32-HARDWARE-01,RUNNING,56.78,0.447,0.461,-1.19
738,ESP32-HARDWARE-01,RUNNING,56.97,0.134,0.287,-1.635
739,ESP32-HARDWARE-01,RUNNING,57.14,-0.195,-0.19,-1.711
740,ESP32-HARDWARE-01,RUNNING,57.43,-0.505,-0.88,-0.886
741,ESP32-HARDWARE-01,RUNNING,57.68,-1.119,-1.153,-0.302
742,ESP32-HARDWARE-01,RUNNING,58.02,-1.313,-1.468,0.635
743,ESP32-HARDWARE-01,RUNNING,58.21,-1.092,-1.685,1.209
744,ESP32-HARDWARE-01,RUNNING,58.48,-1.257,-1.305,1.981
745,ESP32-HARDWARE-01,RUNNING,58.64,-1.825,-1.158,1.835
746,ESP32-HARDWARE-01,RUNNING,58.87,-1.619,-0.814,1.286
747,ESP32-HARDWARE-01,RUNNING,59.14,-1.389,-0.786,0.59
748,ESP32-HARDWARE-01,RUNNING,59.43,-1.253,-0.532,-0.468
749,ESP32-HARDWARE-01,RUNNING,59.73,-1.447,0.392,-1.065
750,ESP32-HARDWARE-01,RUNNING,59.9,-1.218,0.47,-1.887
751,ESP32-HARDWARE-01,RUNNING,60.15,-0.697,1.065,-1.492
752,ESP32-HARDWARE-01,RUNNING,60.44,-0.439,1.031,-1.609
753,ESP32-HARDWARE-01,RUNNING,60.65,-0.411,1.491,-0.587
754,ESP32-HARDWARE-01,RUNNING,60.87,-0.248,1.714,0.027
755,ESP32-HARDWARE-01,RUNNING,61.07,0.506,1.651,1.07
756,ESP32-HARDWARE-01,RUNNING,61.28,0.824,1.334,1.529
757,ESP32-HARDWARE-01,RUNNING,61.44,1.149,0.767,1.451
758,ESP32-HARDWARE-01,RUNNING,61.72,1.236,0.531,1.635
759,ESP32-HARDWARE-01,RUNNING,62.01,1.533,-0.103,0.926
760,ESP32-HARDWARE-01,RUNNING,62.32,1.314,-0.599,0.458
761,ESP32-HARDWARE-01,RUNNING,62.61,1.334,-0.836,-0.422
762,ESP32-HARDWARE-01,RUNNING,62.85,1.541,-1.306,-1.627
763,ESP32-HARDWARE-01,RUNNING,63.16,1.707,-1.25,-1.457
764,ESP32-HARDWARE-01,RUNNING,63.36,1.655,-1.549,-1.799
765,ESP32-HARDWARE-01,RUNNING,63.66,1.435,-1.719,-1.281
766,ESP32-HARDWARE-01,RUNNING,63.97,1.097,-1.16,-0.128
767,ESP32-HARDWARE-01,RUNNING,64.14,0.674,-1.235,0.081
768,ESP32-HARDWARE-01,RUNNING,64.39,0.278,-0.982,1.366
769,ESP32-HARDWARE-01,RUNNING,64.62,0.396,-0.2,1.749
770,ESP32-HARDWARE-01,RUNNING,64.82,-0.345,0.291,1.966
771,ESP32-HARDWARE-01,RUNNING,65.13,-0.543,0.358,1.586
772,ESP32-HARDWARE-01,RUNNING,65.45,-0.626,0.681,0.373
773,ESP32-HARDWARE-01,RUNNING,65.71,-1.234,1.553,0.127
774,ESP32-HARDWARE-01,RUNNING,65.93,-0.919,1.347,-0.847
775,ESP32-HARDWARE-01,RUNNING,66.1,-1.458,1.407,-1.764
776,ESP32-HARDWARE-01,RUNNING,66.44,-1.297,1.6,-2.192
777,ESP32-HARDWARE-01,RUNNING,66.74,-1.514,1.376,-1.206
778,ESP32-HARDWARE-01,RUNNING,66.95,-1.648,0.993,-1.106
779,ESP32-HARDWARE-01,RUNNING,67.16,-1.302,0.569,0.268
780,ESP32-HARDWARE-01,RUNNING,67.42,-1.655,-0.167,0.477
781,ESP32-HARDWARE-01,RUNNING,67.61,-1.074,-0.255,1.145
782,ESP32-HARDWARE-01,RUNNING,67.84,-1.208,-1.004,1.47
783,ESP32-HARDWARE-01,RUNNING,68.01,-0.673,-0.97,1.608
784,ESP32-HARDWARE-01,RUNNING,68.25,-0.313,-1.394,1.536
785,ESP32-HARDWARE-01,RUNNING,68.46,-0.09,-1.352,0.396
786,ESP32-HARDWARE-01,RUNNING,68.61,0.34,-1.461,-0.451
787,ESP32-HARDWARE-01,RUNNING,68.86,0.292,-1.318,-1.329
788,ESP32-HARDWARE-01,RUNNING,69.14,0.518,-1.205,-1.357
789,ESP32-HARDWARE-01,RUNNING,69.39,1.135,-0.927,-1.833
790,ESP32-HARDWARE-01,RUNNING,69.63,1.354,-0.053,-1.084
791,ESP32-HARDWARE-01,RUNNING,69.9,1.621,-0.028,-0.616
792,ESP32-HARDWARE-01,RUNNING,70.23,1.308,0.835,0.257
793,ESP32-HARDWARE-01,RUNNING,70.45,1.636,1.277,1.449
794,ESP32-HARDWARE-01,RUNNING,70.71,1.343,1.366,1.262
795,ESP32-HARDWARE-01,RUNNING,70.91,1.599,1.559,1.946
796,ESP32-HARDWARE-01,RUNNING,71.15,1.397,1.331,1.108
797,ESP32-HARDWARE-01,RUNNING,71.39,1.049,1.222,0.989
798,ESP32-HARDWARE-01,RUNNING,71.61,0.74,1.456,0.254
799,ESP32-HARDWARE-01,RUNNING,71.87,0.525,1.066,-0.772
800,ESP32-HARDWARE-01,RUNNING,72.09,0.492,0.723,-1.193
801,ESP32-HARDWARE-01,RUNNING,72.33,0.297,0.277,-1.67
802,ESP32-HARDWARE-01,RUNNING,72.53,-0.541,-0.402,-1.591
803,ESP32-HARDWARE-01,RUNNING,72.84,-0.412,-0.634,-0.711
804,ESP32-HARDWARE-01,RUNNING,73.05,-0.669,-1.224,-0.378
805,ESP32-HARDWARE-01,RUNNING,73.33,-1.013,-1.577,1.003
806,ESP32-HARDWARE-01,RUNNING,73.55,-1.611,-1.727,1.48
807,ESP32-HARDWARE-01,RUNNING,73.75,-1.68,-1.217,1.498
808,ESP32-HARDWARE-01,RUNNING,73.94,-1.598,-1.374,1.735
809,ESP32-HARDWARE-01,RUNNING,74.11,-1.784,-1.047,1.575
810,ESP32-HARDWARE-01,RUNNING,74.33,-1.379,-0.701,0.669
811,ESP32-HARDWARE-01,RUNNING,74.55,-1.217,-0.247,-0.158
812,ESP32-HARDWARE-01,RUNNING,74.84,-1.548,0.429,-0.831
813,ESP32-HARDWARE-01,RUNNING,75.0,-1.28,0.695,-1.312
814,ESP32-HARDWARE-01,RUNNING,75.25,-1.013,0.807,-1.831
815,ESP32-HARDWARE-01,RUNNING,75.55,-0.566,1.376,-1.753
816,ESP32-HARDWARE-01,RUNNING,75.88,-0.262,1.749,-0.725
817,ESP32-HARDWARE-01,RUNNING,76.08,0.061,1.764,-0.191
818,ESP32-HARDWARE-01,RUNNING,76.36,0.254,1.609,0.932
819,ESP32-HARDWARE-01,RUNNING,76.53,0.444,1.471,1.512
820,ESP32-HARDWARE-01,RUNNING,76.76,0.942,1.105,1.541
821,ESP32-HARDWARE-01,RUNNING,77.1,0.985,0.491,1.49
822,ESP32-HARDWARE-01,RUNNING,77.3,1.266,-0.017,0.72
823,ESP32-HARDWARE-01,RUNNING,77.55,1.74,-0.267,-0.117
824,ESP32-HARDWARE-01,RUNNING,77.71,1.83,-0.871,-0.669
825,ESP32-HARDWARE-01,RUNNING,78.05,1.302,-1.388,-1.14
826,ESP32-HARDWARE-01,RUNNING,78.34,1.68,-1.27,-1.912
827,ESP32-HARDWARE-01,RUNNING,78.6,1.215,-1.463,-2.002
828,ESP32-HARDWARE-01,RUNNING,78.82,1.286,-1.251,-0.952
829,ESP32-HARDWARE-01,RUNNING,79.0,0.811,-1.276,-0.442
830,ESP32-HARDWARE-01,RUNNING,79.17,1.005,-1.264,0.734
831,ESP32-HARDWARE-01,RUNNING,79.47,0.67,-0.631,0.942
832,ESP32-HARDWARE-01,RUNNING,79.71,0.296,-0.013,2.127
833,ESP32-HARDWARE-01,RUNNING,79.96,-0.303,0.247,1.444
834,ESP32-HARDWARE-01,RUNNING,80.29,-0.643,0.561,1.612
835,ESP32-HARDWARE-01,RUNNING,80.57,-0.92,0.92,0.215
836,ESP32-HARDWARE-01,RUNNING,80.73,-1.018,1.3,-0.062
837,ESP32-HARDWARE-01,RUNNING,80.88,-1.124,1.757,-1.286
838,ESP32-HARDWARE-01,RUNNING,81.09,-1.379,1.421,-1.861
839,ESP32-HARDWARE-01,RUNNING,81.39,-1.564,1.28,-1.772
840,ESP32-HARDWARE-01,RUNNING,81.68,-1.401,1.459,-1.697
841,ESP32-HARDWARE-01,RUNNING,82.02,-1.573,0.645,-1.205
842,ESP32-HARDWARE-01,RUNNING,82.27,-1.374,0.237,0.369
843,ESP32-HARDWARE-01,RUNNING,82.5,-1.203,-0.223,0.57
844,ESP32-HARDWARE-01,RUNNING,82.79,-1.231,-0.438,1.752
845,ESP32-HARDWARE-01,RUNNING,83.01,-0.807,-0.673,1.835
846,ESP32-HARDWARE-01,RUNNING,83.31,-0.972,-1.111,1.37
847,ESP32-HARDWARE-01,RUNNING,83.51,-0.593,-1.153,1.051
848,ESP32-HARDWARE-01,RUNNING,83.73,-0.307,-1.703,-0.178
849,ESP32-HARDWARE-01,RUNNING,83.92,0.511,-1.237,-0.351
850,ESP32-HARDWARE-01,RUNNING,84.16,0.762,-1.431,-1.648
851,ESP32-HARDWARE-01,RUNNING,84.39,1.14,-1.111,-1.527
852,ESP32-HARDWARE-01,RUNNING,84.58,0.926,-0.384,-2.062
853,ESP32-HARDWARE-01,RUNNING,84.89,1.212,-0.116,-0.979
854,ESP32-HARDWARE-01,RUNNING,85.19,1.387,0.141,-0.62
855,ESP32-HARDWARE-01,RUNNING,85.4,1.636,0.442,0.223
856,ESP32-HARDWARE-01,RUNNING,85.71,1.478,1.069,1.453
857,ESP32-HARDWARE-01,RUNNING,85.95,1.621,1.49,1.556
858,ESP32-HARDWARE-01,RUNNING,86.19,1.696,1.398,1.55
859,ESP32-HARDWARE-01,RUNNING,86.5,1.265,1.378,1.482
860,ESP32-HARDWARE-01,RUNNING,86.7,1.294,1.39,0.526
861,ESP32-HARDWARE-01,RUNNING,86.98,1.031,1.351,-0.178
862,ESP32-HARDWARE-01,RUNNING,87.19,0.545,0.868,-1.091
863,ESP32-HARDWARE-01,RUNNING,87.5,0.001,0.232,-1.231
864,ESP32-HARDWARE-01,RUNNING,87.73,-0.038,-0.0,-1.563
865,ESP32-HARDWARE-01,RUNNING,88.04,-0.377,-0.238,-1.858
866,ESP32-HARDWARE-01,RUNNING,88.22,-0.87,-0.751,-0.736
867,ESP32-HARDWARE-01,RUNNING,88.57,-0.875,-1.004,0.038
868,ESP32-HARDWARE-01,RUNNING,88.82,-1.183,-1.603,0.988
869,ESP32-HARDWARE-01,RUNNING,89.1,-1.239,-1.703,1.614
870,ESP32-HARDWARE-01,RUNNING,89.37,-1.408,-1.618,2.165
871,ESP32-HARDWARE-01,RUNNING,89.61,-1.328,-1.372,1.937
872,ESP32-HARDWARE-01,RUNNING,89.88,-1.494,-0.755,1.376
873,ESP32-HARDWARE-01,RUNNING,90.21,-1.369,-0.556,-0.018
874,ESP32-HARDWARE-01,RUNNING,90.5,-1.381,-0.044,-0.646
875,ESP32-HARDWARE-01,RUNNING,90.72,-1.486,0.051,-1.683
876,ESP32-HARDWARE-01,RUNNING,90.95,-1.187,0.458,-1.594
877,ESP32-HARDWARE-01,RUNNING,91.23,-0.926,0.757,-1.467
878,ESP32-HARDWARE-01,RUNNING,91.53,-0.803,1.043,-0.949
879,ESP32-HARDWARE-01,RUNNING,91.83,-0.042,1.43,-0.942
880,ESP32-HARDWARE-01,RUNNING,92.11,0.121,1.478,0.102
881,ESP32-HARDWARE-01,RUNNING,92.26,0.456,1.439,0.828
882,ESP32-HARDWARE-01,RUNNING,92.48,0.944,0.949,1.74
883,ESP32-HARDWARE-01,RUNNING,92.83,1.281,1.052,1.5
884,ESP32-HARDWARE-01,RUNNING,93.14,1.327,0.339,1.341
885,ESP32-HARDWARE-01,RUNNING,93.38,1.654,-0.04,0.521
886,ESP32-HARDWARE-01,RUNNING,93.68,1.431,-0.283,-0.18
887,ESP32-HARDWARE-01,RUNNING,93.89,1.398,-0.778,-0.928
888,ESP32-HARDWARE-01,RUNNING,94.13,1.887,-0.954,-1.619
889,ESP32-HARDWARE-01,RUNNING,94.34,1.238,-1.643,-1.923
890,ESP32-HARDWARE-01,RUNNING,94.51,1.535,-1.399,-1.513
891,ESP32-HARDWARE-01,RUNNING,94.73,1.16,-1.25,-1.224
892,ESP32-HARDWARE-01,RUNNING,95.03,1.283,-1.426,0.122
893,ESP32-HARDWARE-01,RUNNING,95.31,0.546,-1.238,1.055
894,ESP32-HARDWARE-01,RUNNING,95.6,0.288,-0.642,1.024
895,ESP32-HARDWARE-01,RUNNING,95.94,0.097,0.0,1.45
896,ESP32-HARDWARE-01,RUNNING,96.09,-0.31,0.076,2.024
897,ESP32-HARDWARE-01,RUNNING,96.31,-0.575,0.786,1.436
898,ESP32-HARDWARE-01,RUNNING,96.59,-0.94,0.973,0.271
899,ESP32-HARDWARE-01,RUNNING,96.81,-1.108,1.369,-0.491
900,ESP32-HARDWARE-01,RUNNING,97.02,-1.38,1.521,-1.386
901,ESP32-HARDWARE-01,RUNNING,97.28,-1.554,1.247,-1.368
902,ESP32-HARDWARE-01,RUNNING,97.54,-1.433,1.528,-1.593
903,ESP32-HARDWARE-01,RUNNING,97.75,-1.683,1.075,-1.719
904,ESP32-HARDWARE-01,RUNNING,98.06,-1.645,0.645,-0.869
905,ESP32-HARDWARE-01,RUNNING,98.25,-1.606,0.411,0.058
906,ESP32-HARDWARE-01,RUNNING,98.58,-1.358,-0.329,1.318
907,ESP32-HARDWARE-01,RUNNING,98.86,-1.327,-0.774,1.72
908,ESP32-HARDWARE-01,RUNNING,99.21,-0.777,-1.076,1.634
909,ESP32-HARDWARE-01,RUNNING,99.5,-0.558,-1.022,1.189
910,ESP32-HARDWARE-01,RUNNING,99.69,-0.061,-1.418,0.898
911,ESP32-HARDWARE-01,RUNNING,99.96,-0.261,-1.748,0.044
912,ESP32-HARDWARE-01,RUNNING,100.28,0.09,-1.27,-0.81
913,ESP32-HARDWARE-01,RUNNING,100.58,0.798,-1.387,-1.272
914,ESP32-HARDWARE-01,RUNNING,100.81,0.634,-1.184,-2.11
915,ESP32-HARDWARE-01,RUNNING,101.04,1.112,-0.71,-1.801
916,ESP32-HARDWARE-01,RUNNING,101.3,1.058,-0.109,-1.425
917,ESP32-HARDWARE-01,RUNNING,101.48,1.733,0.264,-0.327
918,ESP32-HARDWARE-01,RUNNING,101.64,1.71,0.935,0.474
919,ESP32-HARDWARE-01,RUNNING,101.88,1.753,1.02,1.663
920,ESP32-HARDWARE-01,RUNNING,102.12,1.803,1.105,1.634
921,ESP32-HARDWARE-01,RUNNING,102.42,1.725,1.705,1.574
922,ESP32-HARDWARE-01,RUNNING,102.62,1.102,1.242,1.273
923,ESP32-HARDWARE-01,RUNNING,102.93,1.345,1.383,0.771
924,ESP32-HARDWARE-01,RUNNING,103.2,0.925,0.827,-0.012
925,ESP32-HARDWARE-01,RUNNING,103.36,0.509,1.005,-1.513
926,ESP32-HARDWARE-01,RUNNING,103.59,0.521,0.488,-1.659
927,ESP32-HARDWARE-01,RUNNING,103.86,-0.106,-0.242,-1.676
928,ESP32-HARDWARE-01,RUNNING,104.13,-0.392,-0.285,-1.411
929,ESP32-HARDWARE-01,RUNNING,104.37,-0.933,-0.825,-0.997
930,ESP32-HARDWARE-01,RUNNING,104.62,-0.834,-1.379,-0.218
931,ESP32-HARDWARE-01,RUNNING,104.84,-1.413,-1.311,0.836
932,ESP32-HARDWARE-01,RUNNING,105.15,-1.494,-1.332,1.839
933,ESP32-HARDWARE-01,RUNNING,105.45,-1.777,-1.361,1.521
934,ESP32-HARDWARE-01,RUNNING,105.75,-1.431,-1.329,1.597
935,ESP32-HARDWARE-01,RUNNING,106.08,-1.787,-0.665,0.701
936,ESP32-HARDWARE-01,RUNNING,106.31,-1.408,-0.808,-0.002
937,ESP32-HARDWARE-01,RUNNING,106.64,-1.684,-0.368,-1.1
938,ESP32-HARDWARE-01,RUNNING,106.8,-1.438,0.555,-1.647
939,ESP32-HARDWARE-01,RUNNING,106.96,-1.258,0.569,-1.878
940,ESP32-HARDWARE-01,RUNNING,107.16,-0.65,0.917,-1.513
941,ESP32-HARDWARE-01,RUNNING,107.32,-0.63,1.171,-0.83
942,ESP32-HARDWARE-01,RUNNING,107.56,-0.014,1.726,-0.499
943,ESP32-HARDWARE-01,RUNNING,107.84,-0.092,1.192,0.548
944,ESP32-HARDWARE-01,RUNNING,108.1,0.406,1.555,1.579
945,ESP32-HARDWARE-01,RUNNING,108.3,0.539,0.987,1.97
946,ESP32-HARDWARE-01,RUNNING,108.48,0.952,0.855,2.128
947,ESP32-HARDWARE-01,RUNNING,108.63,1.437,0.273,1.137
948,ESP32-HARDWARE-01,RUNNING,108.91,1.328,0.079,0.417
949,ESP32-HARDWARE-01,RUNNING,109.22,1.382,-0.737,-0.16
950,ESP32-HARDWARE-01,RUNNING,109.43,1.566,-0.912,-1.171
951,ESP32-HARDWARE-01,RUNNING,109.58,1.648,-1.104,-1.594
952,ESP32-HARDWARE-01,RUNNING,109.83,1.222,-1.469,-1.404
953,ESP32-HARDWARE-01,RUNNING,110.02,1.418,-1.265,-1.533
954,ESP32-HARDWARE-01,RUNNING,110.18,1.364,-1.691,-0.93
955,ESP32-HARDWARE-01,RUNNING,110.43,0.889,-1.164,-0.262
956,ESP32-HARDWARE-01,RUNNING,110.6,0.592,-0.664,0.988
957,ESP32-HARDWARE-01,RUNNING,110.94,0.626,-0.608,1.241
958,ESP32-HARDWARE-01,RUNNING,111.23,0.156,0.007,1.642
959,ESP32-HARDWARE-01,RUNNING,111.51,-0.37,0.505,1.887
960,ESP32-HARDWARE-01,FAULT,113.97,10.135,-14.063,-16.186
961,ESP32-HARDWARE-01,FAULT,115.85,-13.108,-14.077,17.403
962,ESP32-HARDWARE-01,FAULT,117.76,-14.313,14.684,-16.887
963,ESP32-HARDWARE-01,FAULT,120.29,-12.998,12.484,18.224
964,ESP32-HARDWARE-01,FAULT,122.81,12.955,-12.661,18.094
965,ESP32-HARDWARE-01,FAULT,125.58,11.172,-13.083,16.635
966,ESP32-HARDWARE-01,FAULT,128.52,12.755,14.067,18.838
967,ESP32-HARDWARE-01,FAULT,130.95,12.228,-12.777,-17.909
968,ESP32-HARDWARE-01,FAULT,133.4,-13.774,-15.102,18.23
969,ESP32-HARDWARE-01,FAULT,136.16,-10.328,-16.811,18.284
970,ESP32-HARDWARE-01,FAULT,138.4,10.555,16.219,15.044
971,ESP32-HARDWARE-01,FAULT,141.3,12.282,12.435,14.449
972,ESP32-HARDWARE-01,FAULT,143.07,11.621,-13.818,-15.222
973,ESP32-HARDWARE-01,FAULT,146.03,14.346,13.289,-16.714
974,ESP32-HARDWARE-01,FAULT,147.85,-11.263,-16.213,17.354
975,ESP32-HARDWARE-01,FAULT,150.84,10.863,-14.135,-15.486
976,ESP32-HARDWARE-01,FAULT,152.69,-14.76,-15.407,15.123
977,ESP32-HARDWARE-01,FAULT,155.43,-12.28,-16.431,-16.446
978,ESP32-HARDWARE-01,FAULT,157.18,-12.1,-13.05,-16.043
979,ESP32-HARDWARE-01,FAULT,159.26,-13.418,-15.709,18.991
980,ESP32-HARDWARE-01,FAULT,160.91,12.104,12.365,-15.955
981,ESP32-HARDWARE-01,FAULT,163.46,-12.039,-15.065,17.677
982,ESP32-HARDWARE-01,FAULT,165.59,-11.701,15.014,-17.525
983,ESP32-HARDWARE-01,FAULT,167.89,-11.477,16.264,-19.92
984,ESP32-HARDWARE-01,FAULT,169.45,-11.085,14.8,-14.631
985,ESP32-HARDWARE-01,FAULT,172.08,13.517,-15.002,-17.766
986,ESP32-HARDWARE-01,FAULT,174.78,10.797,-12.931,17.601
987,ESP32-HARDWARE-01,FAULT,176.91,10.175,14.6,-19.51
988,ESP32-HARDWARE-01,FAULT,179.57,-14.538,-15.415,19.664
989,ESP32-HARDWARE-01,FAULT,181.57,-12.528,-16.276,-18.215
990,ESP32-HARDWARE-01,FAULT,184.1,-10.037,13.803,-19.095
991,ESP32-HARDWARE-01,FAULT,186.72,12.098,-15.825,17.809
992,ESP32-HARDWARE-01,FAULT,188.27,-12.764,14.033,19.23
993,ESP32-HARDWARE-01,FAULT,191.16,10.505,13.279,-15.267
994,ESP32-HARDWARE-01,FAULT,193.71,10.214,-12.868,-14.128
995,ESP32-HARDWARE-01,FAULT,196.42,13.395,-15.816,15.777
996,ESP32-HARDWARE-01,FAULT,199.0,-11.221,-12.592,19.023
997,ESP32-HARDWARE-01,FAULT,201.89,13.643,-16.428,17.816
998,ESP32-HARDWARE-01,FAULT,203.61,-10.171,13.296,-19.099
999,ESP32-HARDWARE-01,FAULT,205.29,14.14,16.439,-15.959
1000,ESP32-HARDWARE-01,FAULT,207.1,-13.123,16.688,19.442
1001,ESP32-HARDWARE-01,FAULT,209.31,13.261,-14.608,-14.838
1002,ESP32-HARDWARE-01,FAULT,211.8,10.981,-12.77,15.801
1003,ESP32-HARDWARE-01,FAULT,213.36,-11.281,15.61,15.936
1004,ESP32-HARDWARE-01,FAULT,216.05,-11.693,13.503,-17.219
1005,ESP32-HARDWARE-01,FAULT,218.38,12.623,-12.474,-15.453
1006,ESP32-HARDWARE-01,FAULT,221.01,-12.841,16.309,16.844
1007,ESP32-HARDWARE-01,FAULT,223.67,-11.569,16.286,-18.632
1008,ESP32-HARDWARE-01,FAULT,226.6,10.709,-12.084,18.364
1009,ESP32-HARDWARE-01,FAULT,228.53,14.127,14.046,14.612
1010,ESP32-HARDWARE-01,FAULT,230.09,11.206,-16.757,-18.617
1011,ESP32-HARDWARE-01,FAULT,233.07,10.102,15.06,15.621
1012,ESP32-HARDWARE-01,FAULT,235.4,14.969,-16.937,-19.108
1013,ESP32-HARDWARE-01,FAULT,237.37,14.432,16.815,-18.468
1014,ESP32-HARDWARE-01,FAULT,240.1,11.035,-16.209,-18.277
1015,ESP32-HARDWARE-01,FAULT,242.47,13.46,13.627,-14.388
1016,ESP32-HARDWARE-01,FAULT,245.3,14.484,13.107,17.344
1017,ESP32-HARDWARE-01,FAULT,247.13,-11.015,14.286,15.104
1018,ESP32-HARDWARE-01,FAULT,249.71,-13.142,-13.2,-18.436
1019,ESP32-HARDWARE-01,FAULT,252.26,13.72,-15.267,-17.473
1020,ESP32-HARDWARE-01,HALTED,251.88,0.009,-0.008,0.003
1021,ESP32-HARDWARE-01,HALTED,251.56,0.009,0.006,0.002
1022,ESP32-HARDWARE-01,HALTED,251.21,-0.004,-0.007,0.01
1023,ESP32-HARDWARE-01,HALTED,250.87,0.005,-0.001,-0.009
1024,ESP32-HARDWARE-01,HALTED,250.42,0.007,0.002,0.003
1025,ESP32-HARDWARE-01,HALTED,250.0,-0.002,-0.001,-0.002
1026,ESP32-HARDWARE-01,HALTED,249.55,0.007,-0.003,0.003
1027,ESP32-HARDWARE-01,HALTED,249.21,-0.01,-0.002,0.008
1028,ESP32-HARDWARE-01,HALTED,248.85,-0.009,-0.008,0.007
1029,ESP32-HARDWARE-01,HALTED,248.55,-0.007,-0.002,0.004
1030,ESP32-HARDWARE-01,HALTED,248.14,-0.007,0.0,-0.003
1031,ESP32-HARDWARE-01,HALTED,247.69,0.001,0.009,0.01
1032,ESP32-HARDWARE-01,HALTED,247.47,-0.003,0.003,0.005
1033,ESP32-HARDWARE-01,HALTED,247.14,-0.007,-0.002,0.009
1034,ESP32-HARDWARE-01,HALTED,246.83,0.007,-0.005,0.004
1035,ESP32-HARDWARE-01,HALTED,246.54,0.01,-0.001,0.009
1036,ESP32-HARDWARE-01,HALTED,246.2,0.008,0.005,-0.001
1037,ESP32-HARDWARE-01,HALTED,245.81,0.007,-0.002,0.003
1038,ESP32-HARDWARE-01,HALTED,245.45,-0.008,-0.004,-0.001
1039,ESP32-HARDWARE-01,HALTED,245.18,0.004,0.002,0.008
1040,ESP32-HARDWARE-01,HALTED,244.98,-0.001,-0.006,-0.008
1041,ESP32-HARDWARE-01,HALTED,244.71,0.002,-0.003,0.005
1042,ESP32-HARDWARE-01,HALTED,244.39,-0.001,0.002,-0.005
1043,ESP32-HARDWARE-01,HALTED,244.15,-0.009,0.003,-0.01
1044,ESP32-HARDWARE-01,HALTED,243.84,-0.002,-0.01,-0.008
1045,ESP32-HARDWARE-01,HALTED,243.47,0.008,0.0,-0.004
1046,ESP32-HARDWARE-01,HALTED,243.23,-0.008,-0.006,0.0
1047,ESP32-HARDWARE-01,HALTED,242.83,0.004,0.005,0.002
1048,ESP32-HARDWARE-01,HALTED,242.46,0.007,0.001,-0.002
1049,ESP32-HARDWARE-01,HALTED,242.0,0.002,-0.003,0.003
1050,ESP32-HARDWARE-01,HALTED,241.55,-0.005,-0.004,0.005
1051,ESP32-HARDWARE-01,HALTED,241.13,-0.002,0.007,0.008
1052,ESP32-HARDWARE-01,HALTED,240.67,0.008,-0.009,-0.008
1053,ESP32-HARDWARE-01,HALTED,240.33,0.002,0.005,-0.0
1054,ESP32-HARDWARE-01,HALTED,239.88,0.001,-0.01,0.003
1055,ESP32-HARDWARE-01,HALTED,239.43,-0.008,-0.005,0.01
1056,ESP32-HARDWARE-01,HALTED,239.04,0.005,-0.007,0.008
1057,ESP32-HARDWARE-01,HALTED,238.72,-0.006,0.009,0.005
1058,ESP32-HARDWARE-01,HALTED,238.36,0.002,0.009,-0.009
1059,ESP32-HARDWARE-01,HALTED,238.1,-0.001,-0.003,-0.006
1060,ESP32-HARDWARE-01,HALTED,237.9,0.005,-0.003,-0.009
1061,ESP32-HARDWARE-01,HALTED,237.67,-0.002,0.006,0.004
1062,ESP32-HARDWARE-01,HALTED,237.21,-0.008,0.006,-0.006
1063,ESP32-HARDWARE-01,HALTED,236.83,0.007,0.008,-0.003
1064,ESP32-HARDWARE-01,HALTED,236.4,0.004,-0.005,0.008
1065,ESP32-HARDWARE-01,HALTED,236.1,-0.01,-0.002,0.002
1066,ESP32-HARDWARE-01,HALTED,235.85,0.006,-0.001,0.004
1067,ESP32-HARDWARE-01,HALTED,235.59,0.0,0.003,0.001
1068,ESP32-HARDWARE-01,HALTED,235.24,-0.008,-0.008,-0.002
1069,ESP32-HARDWARE-01,HALTED,234.96,0.008,-0.006,0.002
1070,ESP32-HARDWARE-01,HALTED,234.55,0.009,-0.008,0.008
1071,ESP32-HARDWARE-01,HALTED,234.25,-0.003,-0.002,-0.004
1072,ESP32-HARDWARE-01,HALTED,233.92,0.007,0.006,0.007
1073,ESP32-HARDWARE-01,HALTED,233.66,0.008,0.004,-0.005
1074,ESP32-HARDWARE-01,HALTED,233.18,-0.001,-0.005,0.005
1075,ESP32-HARDWARE-01,HALTED,232.81,-0.009,0.001,0.009
1076,ESP32-HARDWARE-01,HALTED,232.35,-0.007,0.003,-0.005
1077,ESP32-HARDWARE-01,HALTED,232.11,0.003,0.005,-0.007
1078,ESP32-HARDWARE-01,HALTED,231.68,-0.0,0.009,-0.006
1079,ESP32-HARDWARE-01,HALTED,231.41,0.002,-0.004,0.006
1080,ESP32-HARDWARE-01,HALTED,231.17,-0.001,-0.005,0.008
1081,ESP32-HARDWARE-01,HALTED,230.68,0.006,-0.007,-0.002
1082,ESP32-HARDWARE-01,HALTED,230.24,-0.002,-0.001,0.005
1083,ESP32-HARDWARE-01,HALTED,229.88,-0.003,-0.009,0.007
1084,ESP32-HARDWARE-01,HALTED,229.4,-0.001,-0.009,0.001
1085,ESP32-HARDWARE-01,HALTED,229.0,0.003,-0.0,-0.003
1086,ESP32-HARDWARE-01,HALTED,228.62,0.003,0.005,-0.009
1087,ESP32-HARDWARE-01,HALTED,228.37,-0.0,-0.004,0.01
1088,ESP32-HARDWARE-01,HALTED,228.11,0.006,0.006,0.008
1089,ESP32-HARDWARE-01,HALTED,227.9,0.008,-0.003,-0.003
1090,ESP32-HARDWARE-01,HALTED,227.44,0.001,0.006,0.002
1091,ESP32-HARDWARE-01,HALTED,227.14,0.001,0.008,-0.008
1092,ESP32-HARDWARE-01,HALTED,226.84,-0.01,-0.001,0.002
1093,ESP32-HARDWARE-01,HALTED,226.4,0.005,-0.009,-0.001
1094,ESP32-HARDWARE-01,HALTED,226.09,0.006,0.002,-0.009
1095,ESP32-HARDWARE-01,HALTED,225.86,-0.008,0.009,-0.004
1096,ESP32-HARDWARE-01,HALTED,225.62,0.006,-0.0,0.009
1097,ESP32-HARDWARE-01,HALTED,225.18,-0.008,0.004,0.006
1098,ESP32-HARDWARE-01,HALTED,224.75,-0.009,-0.0,-0.003
1099,ESP32-HARDWARE-01,HALTED,224.43,-0.01,-0.005,0.001
1100,ESP32-HARDWARE-01,HALTED,223.95,-0.008,-0.003,-0.005
1101,ESP32-HARDWARE-01,HALTED,223.48,0.001,-0.009,0.001
1102,ESP32-HARDWARE-01,HALTED,223.2,-0.004,0.001,0.006
1103,ESP32-HARDWARE-01,HALTED,222.88,0.007,0.003,-0.005
1104,ESP32-HARDWARE-01,HALTED,222.62,0.007,0.003,0.003
1105,ESP32-HARDWARE-01,HALTED,222.32,-0.001,0.006,0.001
1106,ESP32-HARDWARE-01,HALTED,221.95,-0.006,0.005,-0.003
1107,ESP32-HARDWARE-01,HALTED,221.51,0.006,-0.006,0.006
1108,ESP32-HARDWARE-01,HALTED,221.17,-0.005,-0.01,-0.003
1109,ESP32-HARDWARE-01,HALTED,220.8,0.0,0.009,-0.004
1110,ESP32-HARDWARE-01,HALTED,220.49,-0.002,0.009,-0.007
1111,ESP32-HARDWARE-01,HALTED,220.2,-0.003,-0.002,0.001
1112,ESP32-HARDWARE-01,HALTED,219.84,0.007,-0.002,0.0
1113,ESP32-HARDWARE-01,HALTED,219.61,-0.007,-0.002,-0.006
1114,ESP32-HARDWARE-01,HALTED,219.34,-0.002,0.007,0.009
1115,ESP32-HARDWARE-01,HALTED,219.09,-0.003,0.007,0.002
1116,ESP32-HARDWARE-01,HALTED,218.7,-0.008,0.003,0.005
1117,ESP32-HARDWARE-01,HALTED,218.29,-0.002,-0.002,-0.005
1118,ESP32-HARDWARE-01,HALTED,218.03,-0.007,0.005,0.002
1119,ESP32-HARDWARE-01,HALTED,217.62,0.009,-0.009,0.008
1120,ESP32-HARDWARE-01,HALTED,217.24,0.009,0.009,-0.007
1121,ESP32-HARDWARE-01,HALTED,217.0,0.007,-0.008,0.005
1122,ESP32-HARDWARE-01,HALTED,216.6,-0.009,0.005,0.008
1123,ESP32-HARDWARE-01,HALTED,216.21,0.005,0.006,-0.005
1124,ESP32-HARDWARE-01,HALTED,216.0,0.005,-0.01,0.003
1125,ESP32-HARDWARE-01,HALTED,215.6,0.007,-0.006,-0.009
1126,ESP32-HARDWARE-01,HALTED,215.31,0.008,0.005,0.009
1127,ESP32-HARDWARE-01,HALTED,214.94,0.001,0.009,0.003
1128,ESP32-HARDWARE-01,HALTED,214.61,-0.008,0.009,0.009
1129,ESP32-HARDWARE-01,HALTED,214.15,-0.006,-0.005,0.007
1130,ESP32-HARDWARE-01,HALTED,213.72,0.01,0.006,0.001
1131,ESP32-HARDWARE-01,HALTED,213.25,0.01,-0.001,-0.005
1132,ESP32-HARDWARE-01,HALTED,212.99,-0.002,0.004,0.002
1133,ESP32-HARDWARE-01,HALTED,212.49,0.009,0.006,0.0
1134,ESP32-HARDWARE-01,HALTED,212.26,-0.006,0.007,0.001
1135,ESP32-HARDWARE-01,HALTED,211.94,0.004,0.004,-0.003
1136,ESP32-HARDWARE-01,HALTED,211.7,-0.009,-0.008,-0.003
1137,ESP32-HARDWARE-01,HALTED,211.38,-0.007,0.003,0.004
1138,ESP32-HARDWARE-01,HALTED,211.15,0.005,0.005,-0.004
1139,ESP32-HARDWARE-01,HALTED,210.72,-0.009,0.002,0.002
1140,ESP32-HARDWARE-01,HALTED,210.26,-0.009,-0.002,0.005
1141,ESP32-HARDWARE-01,HALTED,209.92,0.009,0.009,0.01
1142,ESP32-HARDWARE-01,HALTED,209.67,-0.009,-0.001,-0.005
1143,ESP32-HARDWARE-01,HALTED,209.45,0.001,-0.002,0.005
1144,ESP32-HARDWARE-01,HALTED,209.23,-0.009,0.004,-0.003
1145,ESP32-HARDWARE-01,HALTED,208.84,0.003,0.005,0.003
1146,ESP32-HARDWARE-01,HALTED,208.6,-0.009,-0.008,0.009
1147,ESP32-HARDWARE-01,HALTED,208.38,-0.003,0.008,0.005
1148,ESP32-HARDWARE-01,HALTED,207.98,-0.004,0.007,0.006
1149,ESP32-HARDWARE-01,HALTED,207.52,-0.004,-0.005,0.008
1150,ESP32-HARDWARE-01,HALTED,207.26,-0.005,0.007,0.0
1151,ESP32-HARDWARE-01,HALTED,206.83,0.001,-0.002,-0.008
1152,ESP32-HARDWARE-01,HALTED,206.48,-0.01,0.003,-0.007
1153,ESP32-HARDWARE-01,HALTED,206.18,-0.0,0.005,0.002
1154,ESP32-HARDWARE-01,HALTED,205.96,0.001,-0.003,0.0
1155,ESP32-HARDWARE-01,HALTED,205.6,0.007,-0.01,0.007
1156,ESP32-HARDWARE-01,HALTED,205.12,0.008,-0.01,-0.003
1157,ESP32-HARDWARE-01,HALTED,204.84,0.001,0.007,-0.003
1158,ESP32-HARDWARE-01,HALTED,204.42,0.01,0.004,-0.007
1159,ESP32-HARDWARE-01,HALTED,204.22,-0.006,-0.001,0.009
1160,ESP32-HARDWARE-01,HALTED,203.91,0.009,0.001,0.004
1161,ESP32-HARDWARE-01,HALTED,203.66,0.002,0.001,0.006
1162,ESP32-HARDWARE-01,HALTED,203.25,0.009,0.008,-0.01
1163,ESP32-HARDWARE-01,HALTED,202.89,-0.009,0.003,-0.008
1164,ESP32-HARDWARE-01,HALTED,202.66,-0.009,-0.009,0.003
1165,ESP32-HARDWARE-01,HALTED,202.27,0.001,0.0,0.003
1166,ESP32-HARDWARE-01,HALTED,201.95,-0.003,-0.01,0.008
1167,ESP32-HARDWARE-01,HALTED,201.48,-0.008,-0.009,0.007
1168,ESP32-HARDWARE-01,HALTED,201.27,-0.0,0.003,-0.009
1169,ESP32-HARDWARE-01,HALTED,201.0,-0.008,0.003,-0.003
1170,ESP32-HARDWARE-01,HALTED,200.69,-0.002,0.009,0.01
1171,ESP32-HARDWARE-01,HALTED,200.49,0.003,0.009,-0.006
1172,ESP32-HARDWARE-01,HALTED,200.23,0.009,0.004,-0.007
1173,ESP32-HARDWARE-01,HALTED,199.89,0.009,-0.002,-0.009
1174,ESP32-HARDWARE-01,HALTED,199.51,-0.001,0.007,-0.002
1175,ESP32-HARDWARE-01,HALTED,199.12,0.004,0.003,0.009
1176,ESP32-HARDWARE-01,HALTED,198.62,0.006,-0.003,-0.005
1177,ESP32-HARDWARE-01,HALTED,198.42,0.009,-0.006,-0.008
1178,ESP32-HARDWARE-01,HALTED,198.02,0.0,0.001,0.005
1179,ESP32-HARDWARE-01,HALTED,197.73,0.005,0.001,0.006
1180,ESP32-HARDWARE-01,HALTED,197.42,-0.006,0.005,-0.004
1181,ESP32-HARDWARE-01,HALTED,197.09,-0.007,0.008,-0.0
1182,ESP32-HARDWARE-01,HALTED,196.81,-0.004,0.004,-0.0
1183,ESP32-HARDWARE-01,HALTED,196.48,0.006,-0.009,-0.002
1184,ESP32-HARDWARE-01,HALTED,196.16,-0.0,-0.008,0.005
1185,ESP32-HARDWARE-01,HALTED,195.93,0.005,-0.006,0.002
1186,ESP32-HARDWARE-01,HALTED,195.71,0.005,-0.006,-0.002
1187,ESP32-HARDWARE-01,HALTED,195.48,-0.002,-0.0,0.007
1188,ESP32-HARDWARE-01,HALTED,195.02,0.003,-0.0,-0.006
1189,ESP32-HARDWARE-01,HALTED,194.63,-0.003,0.006,-0.009
1190,ESP32-HARDWARE-01,HALTED,194.35,0.002,-0.006,-0.005
1191,ESP32-HARDWARE-01,HALTED,194.11,0.006,-0.003,-0.002
1192,ESP32-HARDWARE-01,HALTED,193.76,0.005,0.003,-0.001
1193,ESP32-HARDWARE-01,HALTED,193.31,0.005,0.001,0.003
1194,ESP32-HARDWARE-01,HALTED,192.9,0.008,0.007,0.008
1195,ESP32-HARDWARE-01,HALTED,192.49,-0.01,0.0,-0.01
1196,ESP32-HARDWARE-01,HALTED,192.09,-0.006,-0.007,-0.001
1197,ESP32-HARDWARE-01,HALTED,191.69,0.009,-0.009,-0.008
1198,ESP32-HARDWARE-01,HALTED,191.46,0.001,0.007,-0.006
1199,ESP32-HARDWARE-01,HALTED,191.17,-0.002,-0.002,0.007
